"database_name","schema_name","object_id","type_desc","object_name","row_counts","total_space_kb","used_space_kb","unused_space_kb","column_name","max_length","column_type","precision"
AdventureWorks2017,HUMANRESOURCES,2099048,USER_TABLE,EMPLOYEEPAYHISTORY,316,200,32,168,businessentityid,4,int,10
AdventureWorks2017,HUMANRESOURCES,2099048,USER_TABLE,EMPLOYEEPAYHISTORY,316,200,32,168,ratechangedate,8,datetime,23
AdventureWorks2017,HUMANRESOURCES,2099048,USER_TABLE,EMPLOYEEPAYHISTORY,316,200,32,168,rate,8,money,19
AdventureWorks2017,HUMANRESOURCES,2099048,USER_TABLE,EMPLOYEEPAYHISTORY,316,200,32,168,payfrequency,1,tinyint,3
AdventureWorks2017,HUMANRESOURCES,2099048,USER_TABLE,EMPLOYEEPAYHISTORY,316,200,32,168,modifieddate,8,datetime,23
AdventureWorks2017,SALES,30623152,USER_TABLE,SALESORDERHEADERSALESREASON,27647,776,704,72,salesorderid,4,int,10
AdventureWorks2017,SALES,30623152,USER_TABLE,SALESORDERHEADERSALESREASON,27647,776,704,72,salesreasonid,4,int,10
AdventureWorks2017,SALES,30623152,USER_TABLE,SALESORDERHEADERSALESREASON,27647,776,704,72,modifieddate,8,datetime,23
AdventureWorks2017,SALES,62623266,USER_TABLE,SALESPERSON,17,144,32,112,businessentityid,4,int,10
AdventureWorks2017,SALES,62623266,USER_TABLE,SALESPERSON,17,144,32,112,territoryid,4,int,10
AdventureWorks2017,SALES,62623266,USER_TABLE,SALESPERSON,17,144,32,112,salesquota,8,money,19
AdventureWorks2017,SALES,62623266,USER_TABLE,SALESPERSON,17,144,32,112,bonus,8,money,19
AdventureWorks2017,SALES,62623266,USER_TABLE,SALESPERSON,17,144,32,112,commissionpct,4,smallmoney,10
AdventureWorks2017,SALES,62623266,USER_TABLE,SALESPERSON,17,144,32,112,salesytd,8,money,19
AdventureWorks2017,SALES,62623266,USER_TABLE,SALESPERSON,17,144,32,112,saleslastyear,8,money,19
AdventureWorks2017,SALES,62623266,USER_TABLE,SALESPERSON,17,144,32,112,rowguid,16,uniqueidentifier,0
AdventureWorks2017,SALES,62623266,USER_TABLE,SALESPERSON,17,144,32,112,modifieddate,8,datetime,23
AdventureWorks2017,PRODUCTION,66099276,USER_TABLE,ILLUSTRATION,5,400,248,152,illustrationid,4,int,10
AdventureWorks2017,PRODUCTION,66099276,USER_TABLE,ILLUSTRATION,5,400,248,152,diagram,-1,xml,0
AdventureWorks2017,PRODUCTION,66099276,USER_TABLE,ILLUSTRATION,5,400,248,152,modifieddate,8,datetime,23
AdventureWorks2017,HUMANRESOURCES,98099390,USER_TABLE,JOBCANDIDATE,13,472,160,312,jobcandidateid,4,int,10
AdventureWorks2017,HUMANRESOURCES,98099390,USER_TABLE,JOBCANDIDATE,13,472,160,312,businessentityid,4,int,10
AdventureWorks2017,HUMANRESOURCES,98099390,USER_TABLE,JOBCANDIDATE,13,472,160,312,resume,-1,xml,0
AdventureWorks2017,HUMANRESOURCES,98099390,USER_TABLE,JOBCANDIDATE,13,472,160,312,modifieddate,8,datetime,23
AdventureWorks2017,PRODUCTION,130099504,USER_TABLE,LOCATION,14,144,32,112,locationid,2,smallint,5
AdventureWorks2017,PRODUCTION,130099504,USER_TABLE,LOCATION,14,144,32,112,name,100,nvarchar,0
AdventureWorks2017,PRODUCTION,130099504,USER_TABLE,LOCATION,14,144,32,112,costrate,4,smallmoney,10
AdventureWorks2017,PRODUCTION,130099504,USER_TABLE,LOCATION,14,144,32,112,availability,5,decimal,38
AdventureWorks2017,PRODUCTION,130099504,USER_TABLE,LOCATION,14,144,32,112,modifieddate,8,datetime,23
AdventureWorks2017,PERSON,226099846,USER_TABLE,PASSWORD,19972,1992,1896,96,businessentityid,4,int,10
AdventureWorks2017,PERSON,226099846,USER_TABLE,PASSWORD,19972,1992,1896,96,passwordhash,128,varchar,0
AdventureWorks2017,PERSON,226099846,USER_TABLE,PASSWORD,19972,1992,1896,96,passwordsalt,10,varchar,0
AdventureWorks2017,PERSON,226099846,USER_TABLE,PASSWORD,19972,1992,1896,96,rowguid,16,uniqueidentifier,0
AdventureWorks2017,PERSON,226099846,USER_TABLE,PASSWORD,19972,1992,1896,96,modifieddate,8,datetime,23
AdventureWorks2017,SALES,254623950,USER_TABLE,SALESPERSONQUOTAHISTORY,163,272,48,224,businessentityid,4,int,10
AdventureWorks2017,SALES,254623950,USER_TABLE,SALESPERSONQUOTAHISTORY,163,272,48,224,quotadate,8,datetime,23
AdventureWorks2017,SALES,254623950,USER_TABLE,SALESPERSONQUOTAHISTORY,163,272,48,224,salesquota,8,money,19
AdventureWorks2017,SALES,254623950,USER_TABLE,SALESPERSONQUOTAHISTORY,163,272,48,224,rowguid,16,uniqueidentifier,0
AdventureWorks2017,SALES,254623950,USER_TABLE,SALESPERSONQUOTAHISTORY,163,272,48,224,modifieddate,8,datetime,23
AdventureWorks2017,PERSON,274100017,USER_TABLE,PERSON,,,,,businessentityid,4,int,10
AdventureWorks2017,PERSON,274100017,USER_TABLE,PERSON,19972,33448,32120,1328,businessentityid,4,int,10
AdventureWorks2017,PERSON,274100017,USER_TABLE,PERSON,,,,,persontype,4,nchar,0
AdventureWorks2017,PERSON,274100017,USER_TABLE,PERSON,19972,33448,32120,1328,persontype,4,nchar,0
AdventureWorks2017,PERSON,274100017,USER_TABLE,PERSON,,,,,namestyle,1,bit,1
AdventureWorks2017,PERSON,274100017,USER_TABLE,PERSON,19972,33448,32120,1328,namestyle,1,bit,1
AdventureWorks2017,PERSON,274100017,USER_TABLE,PERSON,,,,,title,16,nvarchar,0
AdventureWorks2017,PERSON,274100017,USER_TABLE,PERSON,19972,33448,32120,1328,title,16,nvarchar,0
AdventureWorks2017,PERSON,274100017,USER_TABLE,PERSON,,,,,firstname,100,nvarchar,0
AdventureWorks2017,PERSON,274100017,USER_TABLE,PERSON,19972,33448,32120,1328,firstname,100,nvarchar,0
AdventureWorks2017,PERSON,274100017,USER_TABLE,PERSON,,,,,middlename,100,nvarchar,0
AdventureWorks2017,PERSON,274100017,USER_TABLE,PERSON,19972,33448,32120,1328,middlename,100,nvarchar,0
AdventureWorks2017,PERSON,274100017,USER_TABLE,PERSON,,,,,lastname,100,nvarchar,0
AdventureWorks2017,PERSON,274100017,USER_TABLE,PERSON,19972,33448,32120,1328,lastname,100,nvarchar,0
AdventureWorks2017,PERSON,274100017,USER_TABLE,PERSON,,,,,suffix,20,nvarchar,0
AdventureWorks2017,PERSON,274100017,USER_TABLE,PERSON,19972,33448,32120,1328,suffix,20,nvarchar,0
AdventureWorks2017,PERSON,274100017,USER_TABLE,PERSON,,,,,emailpromotion,4,int,10
AdventureWorks2017,PERSON,274100017,USER_TABLE,PERSON,19972,33448,32120,1328,emailpromotion,4,int,10
AdventureWorks2017,PERSON,274100017,USER_TABLE,PERSON,,,,,additionalcontactinfo,-1,xml,0
AdventureWorks2017,PERSON,274100017,USER_TABLE,PERSON,19972,33448,32120,1328,additionalcontactinfo,-1,xml,0
AdventureWorks2017,PERSON,274100017,USER_TABLE,PERSON,,,,,demographics,-1,xml,0
AdventureWorks2017,PERSON,274100017,USER_TABLE,PERSON,19972,33448,32120,1328,demographics,-1,xml,0
AdventureWorks2017,PERSON,274100017,USER_TABLE,PERSON,,,,,rowguid,16,uniqueidentifier,0
AdventureWorks2017,PERSON,274100017,USER_TABLE,PERSON,19972,33448,32120,1328,rowguid,16,uniqueidentifier,0
AdventureWorks2017,PERSON,274100017,USER_TABLE,PERSON,,,,,modifieddate,8,datetime,23
AdventureWorks2017,PERSON,274100017,USER_TABLE,PERSON,19972,33448,32120,1328,modifieddate,8,datetime,23
AdventureWorks2017,SALES,318624178,USER_TABLE,SALESREASON,10,72,16,56,salesreasonid,4,int,10
AdventureWorks2017,SALES,318624178,USER_TABLE,SALESREASON,10,72,16,56,name,100,nvarchar,0
AdventureWorks2017,SALES,318624178,USER_TABLE,SALESREASON,10,72,16,56,reasontype,100,nvarchar,0
AdventureWorks2017,SALES,318624178,USER_TABLE,SALESREASON,10,72,16,56,modifieddate,8,datetime,23
AdventureWorks2017,SALES,350624292,USER_TABLE,SALESTAXRATE,29,216,48,168,salestaxrateid,4,int,10
AdventureWorks2017,SALES,350624292,USER_TABLE,SALESTAXRATE,29,216,48,168,stateprovinceid,4,int,10
AdventureWorks2017,SALES,350624292,USER_TABLE,SALESTAXRATE,29,216,48,168,taxtype,1,tinyint,3
AdventureWorks2017,SALES,350624292,USER_TABLE,SALESTAXRATE,29,216,48,168,taxrate,4,smallmoney,10
AdventureWorks2017,SALES,350624292,USER_TABLE,SALESTAXRATE,29,216,48,168,name,100,nvarchar,0
AdventureWorks2017,SALES,350624292,USER_TABLE,SALESTAXRATE,29,216,48,168,rowguid,16,uniqueidentifier,0
AdventureWorks2017,SALES,350624292,USER_TABLE,SALESTAXRATE,29,216,48,168,modifieddate,8,datetime,23
AdventureWorks2017,SALES,386100416,USER_TABLE,PERSONCREDITCARD,19118,584,496,88,businessentityid,4,int,10
AdventureWorks2017,SALES,386100416,USER_TABLE,PERSONCREDITCARD,19118,584,496,88,creditcardid,4,int,10
AdventureWorks2017,SALES,386100416,USER_TABLE,PERSONCREDITCARD,19118,584,496,88,modifieddate,8,datetime,23
AdventureWorks2017,PERSON,407672500,VIEW,VADDITIONALCONTACTINFO,,,,,businessentityid,4,int,10
AdventureWorks2017,PERSON,407672500,VIEW,VADDITIONALCONTACTINFO,,,,,firstname,100,nvarchar,0
AdventureWorks2017,PERSON,407672500,VIEW,VADDITIONALCONTACTINFO,,,,,middlename,100,nvarchar,0
AdventureWorks2017,PERSON,407672500,VIEW,VADDITIONALCONTACTINFO,,,,,lastname,100,nvarchar,0
AdventureWorks2017,PERSON,407672500,VIEW,VADDITIONALCONTACTINFO,,,,,telephonenumber,100,nvarchar,0
AdventureWorks2017,PERSON,407672500,VIEW,VADDITIONALCONTACTINFO,,,,,telephonespecialinstructions,-1,nvarchar,0
AdventureWorks2017,PERSON,407672500,VIEW,VADDITIONALCONTACTINFO,,,,,street,100,nvarchar,0
AdventureWorks2017,PERSON,407672500,VIEW,VADDITIONALCONTACTINFO,,,,,city,100,nvarchar,0
AdventureWorks2017,PERSON,407672500,VIEW,VADDITIONALCONTACTINFO,,,,,stateprovince,100,nvarchar,0
AdventureWorks2017,PERSON,407672500,VIEW,VADDITIONALCONTACTINFO,,,,,postalcode,100,nvarchar,0
AdventureWorks2017,PERSON,407672500,VIEW,VADDITIONALCONTACTINFO,,,,,countryregion,100,nvarchar,0
AdventureWorks2017,PERSON,407672500,VIEW,VADDITIONALCONTACTINFO,,,,,homeaddressspecialinstructions,-1,nvarchar,0
AdventureWorks2017,PERSON,407672500,VIEW,VADDITIONALCONTACTINFO,,,,,emailaddress,256,nvarchar,0
AdventureWorks2017,PERSON,407672500,VIEW,VADDITIONALCONTACTINFO,,,,,emailspecialinstructions,-1,nvarchar,0
AdventureWorks2017,PERSON,407672500,VIEW,VADDITIONALCONTACTINFO,,,,,emailtelephonenumber,100,nvarchar,0
AdventureWorks2017,PERSON,407672500,VIEW,VADDITIONALCONTACTINFO,,,,,rowguid,16,uniqueidentifier,0
AdventureWorks2017,PERSON,407672500,VIEW,VADDITIONALCONTACTINFO,,,,,modifieddate,8,datetime,23
AdventureWorks2017,PERSON,418100530,USER_TABLE,PERSONPHONE,19972,2320,2176,144,businessentityid,4,int,10
AdventureWorks2017,PERSON,418100530,USER_TABLE,PERSONPHONE,19972,2320,2176,144,phonenumber,50,nvarchar,0
AdventureWorks2017,PERSON,418100530,USER_TABLE,PERSONPHONE,19972,2320,2176,144,phonenumbertypeid,4,int,10
AdventureWorks2017,PERSON,418100530,USER_TABLE,PERSONPHONE,19972,2320,2176,144,modifieddate,8,datetime,23
AdventureWorks2017,HUMANRESOURCES,423672557,VIEW,VEMPLOYEE,,,,,businessentityid,4,int,10
AdventureWorks2017,HUMANRESOURCES,423672557,VIEW,VEMPLOYEE,,,,,title,16,nvarchar,0
AdventureWorks2017,HUMANRESOURCES,423672557,VIEW,VEMPLOYEE,,,,,firstname,100,nvarchar,0
AdventureWorks2017,HUMANRESOURCES,423672557,VIEW,VEMPLOYEE,,,,,middlename,100,nvarchar,0
AdventureWorks2017,HUMANRESOURCES,423672557,VIEW,VEMPLOYEE,,,,,lastname,100,nvarchar,0
AdventureWorks2017,HUMANRESOURCES,423672557,VIEW,VEMPLOYEE,,,,,suffix,20,nvarchar,0
AdventureWorks2017,HUMANRESOURCES,423672557,VIEW,VEMPLOYEE,,,,,jobtitle,100,nvarchar,0
AdventureWorks2017,HUMANRESOURCES,423672557,VIEW,VEMPLOYEE,,,,,phonenumber,50,nvarchar,0
AdventureWorks2017,HUMANRESOURCES,423672557,VIEW,VEMPLOYEE,,,,,phonenumbertype,100,nvarchar,0
AdventureWorks2017,HUMANRESOURCES,423672557,VIEW,VEMPLOYEE,,,,,emailaddress,100,nvarchar,0
AdventureWorks2017,HUMANRESOURCES,423672557,VIEW,VEMPLOYEE,,,,,emailpromotion,4,int,10
AdventureWorks2017,HUMANRESOURCES,423672557,VIEW,VEMPLOYEE,,,,,addressline1,120,nvarchar,0
AdventureWorks2017,HUMANRESOURCES,423672557,VIEW,VEMPLOYEE,,,,,addressline2,120,nvarchar,0
AdventureWorks2017,HUMANRESOURCES,423672557,VIEW,VEMPLOYEE,,,,,city,60,nvarchar,0
AdventureWorks2017,HUMANRESOURCES,423672557,VIEW,VEMPLOYEE,,,,,stateprovincename,100,nvarchar,0
AdventureWorks2017,HUMANRESOURCES,423672557,VIEW,VEMPLOYEE,,,,,postalcode,30,nvarchar,0
AdventureWorks2017,HUMANRESOURCES,423672557,VIEW,VEMPLOYEE,,,,,countryregionname,100,nvarchar,0
AdventureWorks2017,HUMANRESOURCES,423672557,VIEW,VEMPLOYEE,,,,,additionalcontactinfo,-1,xml,0
AdventureWorks2017,SALES,430624577,USER_TABLE,SALESTERRITORY,10,216,48,168,territoryid,4,int,10
AdventureWorks2017,SALES,430624577,USER_TABLE,SALESTERRITORY,10,216,48,168,name,100,nvarchar,0
AdventureWorks2017,SALES,430624577,USER_TABLE,SALESTERRITORY,10,216,48,168,countryregioncode,6,nvarchar,0
AdventureWorks2017,SALES,430624577,USER_TABLE,SALESTERRITORY,10,216,48,168,group,100,nvarchar,0
AdventureWorks2017,SALES,430624577,USER_TABLE,SALESTERRITORY,10,216,48,168,salesytd,8,money,19
AdventureWorks2017,SALES,430624577,USER_TABLE,SALESTERRITORY,10,216,48,168,saleslastyear,8,money,19
AdventureWorks2017,SALES,430624577,USER_TABLE,SALESTERRITORY,10,216,48,168,costytd,8,money,19
AdventureWorks2017,SALES,430624577,USER_TABLE,SALESTERRITORY,10,216,48,168,costlastyear,8,money,19
AdventureWorks2017,SALES,430624577,USER_TABLE,SALESTERRITORY,10,216,48,168,rowguid,16,uniqueidentifier,0
AdventureWorks2017,SALES,430624577,USER_TABLE,SALESTERRITORY,10,216,48,168,modifieddate,8,datetime,23
AdventureWorks2017,HUMANRESOURCES,439672614,VIEW,VEMPLOYEEDEPARTMENT,,,,,businessentityid,4,int,10
AdventureWorks2017,HUMANRESOURCES,439672614,VIEW,VEMPLOYEEDEPARTMENT,,,,,title,16,nvarchar,0
AdventureWorks2017,HUMANRESOURCES,439672614,VIEW,VEMPLOYEEDEPARTMENT,,,,,firstname,100,nvarchar,0
AdventureWorks2017,HUMANRESOURCES,439672614,VIEW,VEMPLOYEEDEPARTMENT,,,,,middlename,100,nvarchar,0
AdventureWorks2017,HUMANRESOURCES,439672614,VIEW,VEMPLOYEEDEPARTMENT,,,,,lastname,100,nvarchar,0
AdventureWorks2017,HUMANRESOURCES,439672614,VIEW,VEMPLOYEEDEPARTMENT,,,,,suffix,20,nvarchar,0
AdventureWorks2017,HUMANRESOURCES,439672614,VIEW,VEMPLOYEEDEPARTMENT,,,,,jobtitle,100,nvarchar,0
AdventureWorks2017,HUMANRESOURCES,439672614,VIEW,VEMPLOYEEDEPARTMENT,,,,,department,100,nvarchar,0
AdventureWorks2017,HUMANRESOURCES,439672614,VIEW,VEMPLOYEEDEPARTMENT,,,,,groupname,100,nvarchar,0
AdventureWorks2017,HUMANRESOURCES,439672614,VIEW,VEMPLOYEEDEPARTMENT,,,,,startdate,3,date,10
AdventureWorks2017,PERSON,450100644,USER_TABLE,PHONENUMBERTYPE,3,72,16,56,phonenumbertypeid,4,int,10
AdventureWorks2017,PERSON,450100644,USER_TABLE,PHONENUMBERTYPE,3,72,16,56,name,100,nvarchar,0
AdventureWorks2017,PERSON,450100644,USER_TABLE,PHONENUMBERTYPE,3,72,16,56,modifieddate,8,datetime,23
AdventureWorks2017,HUMANRESOURCES,455672671,VIEW,VEMPLOYEEDEPARTMENTHISTORY,,,,,businessentityid,4,int,10
AdventureWorks2017,HUMANRESOURCES,455672671,VIEW,VEMPLOYEEDEPARTMENTHISTORY,,,,,title,16,nvarchar,0
AdventureWorks2017,HUMANRESOURCES,455672671,VIEW,VEMPLOYEEDEPARTMENTHISTORY,,,,,firstname,100,nvarchar,0
AdventureWorks2017,HUMANRESOURCES,455672671,VIEW,VEMPLOYEEDEPARTMENTHISTORY,,,,,middlename,100,nvarchar,0
AdventureWorks2017,HUMANRESOURCES,455672671,VIEW,VEMPLOYEEDEPARTMENTHISTORY,,,,,lastname,100,nvarchar,0
AdventureWorks2017,HUMANRESOURCES,455672671,VIEW,VEMPLOYEEDEPARTMENTHISTORY,,,,,suffix,20,nvarchar,0
AdventureWorks2017,HUMANRESOURCES,455672671,VIEW,VEMPLOYEEDEPARTMENTHISTORY,,,,,shift,100,nvarchar,0
AdventureWorks2017,HUMANRESOURCES,455672671,VIEW,VEMPLOYEEDEPARTMENTHISTORY,,,,,department,100,nvarchar,0
AdventureWorks2017,HUMANRESOURCES,455672671,VIEW,VEMPLOYEEDEPARTMENTHISTORY,,,,,groupname,100,nvarchar,0
AdventureWorks2017,HUMANRESOURCES,455672671,VIEW,VEMPLOYEEDEPARTMENTHISTORY,,,,,startdate,3,date,10
AdventureWorks2017,HUMANRESOURCES,455672671,VIEW,VEMPLOYEEDEPARTMENTHISTORY,,,,,enddate,3,date,10
AdventureWorks2017,SALES,471672728,VIEW,VINDIVIDUALCUSTOMER,,,,,businessentityid,4,int,10
AdventureWorks2017,SALES,471672728,VIEW,VINDIVIDUALCUSTOMER,,,,,title,16,nvarchar,0
AdventureWorks2017,SALES,471672728,VIEW,VINDIVIDUALCUSTOMER,,,,,firstname,100,nvarchar,0
AdventureWorks2017,SALES,471672728,VIEW,VINDIVIDUALCUSTOMER,,,,,middlename,100,nvarchar,0
AdventureWorks2017,SALES,471672728,VIEW,VINDIVIDUALCUSTOMER,,,,,lastname,100,nvarchar,0
AdventureWorks2017,SALES,471672728,VIEW,VINDIVIDUALCUSTOMER,,,,,suffix,20,nvarchar,0
AdventureWorks2017,SALES,471672728,VIEW,VINDIVIDUALCUSTOMER,,,,,phonenumber,50,nvarchar,0
AdventureWorks2017,SALES,471672728,VIEW,VINDIVIDUALCUSTOMER,,,,,phonenumbertype,100,nvarchar,0
AdventureWorks2017,SALES,471672728,VIEW,VINDIVIDUALCUSTOMER,,,,,emailaddress,100,nvarchar,0
AdventureWorks2017,SALES,471672728,VIEW,VINDIVIDUALCUSTOMER,,,,,emailpromotion,4,int,10
AdventureWorks2017,SALES,471672728,VIEW,VINDIVIDUALCUSTOMER,,,,,addresstype,100,nvarchar,0
AdventureWorks2017,SALES,471672728,VIEW,VINDIVIDUALCUSTOMER,,,,,addressline1,120,nvarchar,0
AdventureWorks2017,SALES,471672728,VIEW,VINDIVIDUALCUSTOMER,,,,,addressline2,120,nvarchar,0
AdventureWorks2017,SALES,471672728,VIEW,VINDIVIDUALCUSTOMER,,,,,city,60,nvarchar,0
AdventureWorks2017,SALES,471672728,VIEW,VINDIVIDUALCUSTOMER,,,,,stateprovincename,100,nvarchar,0
AdventureWorks2017,SALES,471672728,VIEW,VINDIVIDUALCUSTOMER,,,,,postalcode,30,nvarchar,0
AdventureWorks2017,SALES,471672728,VIEW,VINDIVIDUALCUSTOMER,,,,,countryregionname,100,nvarchar,0
AdventureWorks2017,SALES,471672728,VIEW,VINDIVIDUALCUSTOMER,,,,,demographics,-1,xml,0
AdventureWorks2017,PRODUCTION,482100758,USER_TABLE,PRODUCT,504,864,232,632,productid,4,int,10
AdventureWorks2017,PRODUCTION,482100758,USER_TABLE,PRODUCT,504,864,232,632,name,100,nvarchar,0
AdventureWorks2017,PRODUCTION,482100758,USER_TABLE,PRODUCT,504,864,232,632,productnumber,50,nvarchar,0
AdventureWorks2017,PRODUCTION,482100758,USER_TABLE,PRODUCT,504,864,232,632,makeflag,1,bit,1
AdventureWorks2017,PRODUCTION,482100758,USER_TABLE,PRODUCT,504,864,232,632,finishedgoodsflag,1,bit,1
AdventureWorks2017,PRODUCTION,482100758,USER_TABLE,PRODUCT,504,864,232,632,color,30,nvarchar,0
AdventureWorks2017,PRODUCTION,482100758,USER_TABLE,PRODUCT,504,864,232,632,safetystocklevel,2,smallint,5
AdventureWorks2017,PRODUCTION,482100758,USER_TABLE,PRODUCT,504,864,232,632,reorderpoint,2,smallint,5
AdventureWorks2017,PRODUCTION,482100758,USER_TABLE,PRODUCT,504,864,232,632,standardcost,8,money,19
AdventureWorks2017,PRODUCTION,482100758,USER_TABLE,PRODUCT,504,864,232,632,listprice,8,money,19
AdventureWorks2017,PRODUCTION,482100758,USER_TABLE,PRODUCT,504,864,232,632,size,10,nvarchar,0
AdventureWorks2017,PRODUCTION,482100758,USER_TABLE,PRODUCT,504,864,232,632,sizeunitmeasurecode,6,nchar,0
AdventureWorks2017,PRODUCTION,482100758,USER_TABLE,PRODUCT,504,864,232,632,weightunitmeasurecode,6,nchar,0
AdventureWorks2017,PRODUCTION,482100758,USER_TABLE,PRODUCT,504,864,232,632,weight,5,decimal,38
AdventureWorks2017,PRODUCTION,482100758,USER_TABLE,PRODUCT,504,864,232,632,daystomanufacture,4,int,10
AdventureWorks2017,PRODUCTION,482100758,USER_TABLE,PRODUCT,504,864,232,632,productline,4,nchar,0
AdventureWorks2017,PRODUCTION,482100758,USER_TABLE,PRODUCT,504,864,232,632,class,4,nchar,0
AdventureWorks2017,PRODUCTION,482100758,USER_TABLE,PRODUCT,504,864,232,632,style,4,nchar,0
AdventureWorks2017,PRODUCTION,482100758,USER_TABLE,PRODUCT,504,864,232,632,productsubcategoryid,4,int,10
AdventureWorks2017,PRODUCTION,482100758,USER_TABLE,PRODUCT,504,864,232,632,productmodelid,4,int,10
AdventureWorks2017,PRODUCTION,482100758,USER_TABLE,PRODUCT,504,864,232,632,sellstartdate,8,datetime,23
AdventureWorks2017,PRODUCTION,482100758,USER_TABLE,PRODUCT,504,864,232,632,sellenddate,8,datetime,23
AdventureWorks2017,PRODUCTION,482100758,USER_TABLE,PRODUCT,504,864,232,632,discontinueddate,8,datetime,23
AdventureWorks2017,PRODUCTION,482100758,USER_TABLE,PRODUCT,504,864,232,632,rowguid,16,uniqueidentifier,0
AdventureWorks2017,PRODUCTION,482100758,USER_TABLE,PRODUCT,504,864,232,632,modifieddate,8,datetime,23
AdventureWorks2017,SALES,487672785,VIEW,VPERSONDEMOGRAPHICS,,,,,businessentityid,4,int,10
AdventureWorks2017,SALES,487672785,VIEW,VPERSONDEMOGRAPHICS,,,,,totalpurchaseytd,8,money,19
AdventureWorks2017,SALES,487672785,VIEW,VPERSONDEMOGRAPHICS,,,,,datefirstpurchase,8,datetime,23
AdventureWorks2017,SALES,487672785,VIEW,VPERSONDEMOGRAPHICS,,,,,birthdate,8,datetime,23
AdventureWorks2017,SALES,487672785,VIEW,VPERSONDEMOGRAPHICS,,,,,maritalstatus,2,nvarchar,0
AdventureWorks2017,SALES,487672785,VIEW,VPERSONDEMOGRAPHICS,,,,,yearlyincome,60,nvarchar,0
AdventureWorks2017,SALES,487672785,VIEW,VPERSONDEMOGRAPHICS,,,,,gender,2,nvarchar,0
AdventureWorks2017,SALES,487672785,VIEW,VPERSONDEMOGRAPHICS,,,,,totalchildren,4,int,10
AdventureWorks2017,SALES,487672785,VIEW,VPERSONDEMOGRAPHICS,,,,,numberchildrenathome,4,int,10
AdventureWorks2017,SALES,487672785,VIEW,VPERSONDEMOGRAPHICS,,,,,education,60,nvarchar,0
AdventureWorks2017,SALES,487672785,VIEW,VPERSONDEMOGRAPHICS,,,,,occupation,60,nvarchar,0
AdventureWorks2017,SALES,487672785,VIEW,VPERSONDEMOGRAPHICS,,,,,homeownerflag,1,bit,1
AdventureWorks2017,SALES,487672785,VIEW,VPERSONDEMOGRAPHICS,,,,,numbercarsowned,4,int,10
AdventureWorks2017,HUMANRESOURCES,503672842,VIEW,VJOBCANDIDATE,,,,,jobcandidateid,4,int,10
AdventureWorks2017,HUMANRESOURCES,503672842,VIEW,VJOBCANDIDATE,,,,,businessentityid,4,int,10
AdventureWorks2017,HUMANRESOURCES,503672842,VIEW,VJOBCANDIDATE,,,,,name.prefix,60,nvarchar,0
AdventureWorks2017,HUMANRESOURCES,503672842,VIEW,VJOBCANDIDATE,,,,,name.first,60,nvarchar,0
AdventureWorks2017,HUMANRESOURCES,503672842,VIEW,VJOBCANDIDATE,,,,,name.middle,60,nvarchar,0
AdventureWorks2017,HUMANRESOURCES,503672842,VIEW,VJOBCANDIDATE,,,,,name.last,60,nvarchar,0
AdventureWorks2017,HUMANRESOURCES,503672842,VIEW,VJOBCANDIDATE,,,,,name.suffix,60,nvarchar,0
AdventureWorks2017,HUMANRESOURCES,503672842,VIEW,VJOBCANDIDATE,,,,,skills,-1,nvarchar,0
AdventureWorks2017,HUMANRESOURCES,503672842,VIEW,VJOBCANDIDATE,,,,,addr.type,60,nvarchar,0
AdventureWorks2017,HUMANRESOURCES,503672842,VIEW,VJOBCANDIDATE,,,,,addr.loc.countryregion,200,nvarchar,0
AdventureWorks2017,HUMANRESOURCES,503672842,VIEW,VJOBCANDIDATE,,,,,addr.loc.state,200,nvarchar,0
AdventureWorks2017,HUMANRESOURCES,503672842,VIEW,VJOBCANDIDATE,,,,,addr.loc.city,200,nvarchar,0
AdventureWorks2017,HUMANRESOURCES,503672842,VIEW,VJOBCANDIDATE,,,,,addr.postalcode,40,nvarchar,0
AdventureWorks2017,HUMANRESOURCES,503672842,VIEW,VJOBCANDIDATE,,,,,email,-1,nvarchar,0
AdventureWorks2017,HUMANRESOURCES,503672842,VIEW,VJOBCANDIDATE,,,,,website,-1,nvarchar,0
AdventureWorks2017,HUMANRESOURCES,503672842,VIEW,VJOBCANDIDATE,,,,,modifieddate,8,datetime,23
AdventureWorks2017,HUMANRESOURCES,519672899,VIEW,VJOBCANDIDATEEMPLOYMENT,,,,,jobcandidateid,4,int,10
AdventureWorks2017,HUMANRESOURCES,519672899,VIEW,VJOBCANDIDATEEMPLOYMENT,,,,,emp.startdate,8,datetime,23
AdventureWorks2017,HUMANRESOURCES,519672899,VIEW,VJOBCANDIDATEEMPLOYMENT,,,,,emp.enddate,8,datetime,23
AdventureWorks2017,HUMANRESOURCES,519672899,VIEW,VJOBCANDIDATEEMPLOYMENT,,,,,emp.orgname,200,nvarchar,0
AdventureWorks2017,HUMANRESOURCES,519672899,VIEW,VJOBCANDIDATEEMPLOYMENT,,,,,emp.jobtitle,200,nvarchar,0
AdventureWorks2017,HUMANRESOURCES,519672899,VIEW,VJOBCANDIDATEEMPLOYMENT,,,,,emp.responsibility,-1,nvarchar,0
AdventureWorks2017,HUMANRESOURCES,519672899,VIEW,VJOBCANDIDATEEMPLOYMENT,,,,,emp.functioncategory,-1,nvarchar,0
AdventureWorks2017,HUMANRESOURCES,519672899,VIEW,VJOBCANDIDATEEMPLOYMENT,,,,,emp.industrycategory,-1,nvarchar,0
AdventureWorks2017,HUMANRESOURCES,519672899,VIEW,VJOBCANDIDATEEMPLOYMENT,,,,,emp.loc.countryregion,-1,nvarchar,0
AdventureWorks2017,HUMANRESOURCES,519672899,VIEW,VJOBCANDIDATEEMPLOYMENT,,,,,emp.loc.state,-1,nvarchar,0
AdventureWorks2017,HUMANRESOURCES,519672899,VIEW,VJOBCANDIDATEEMPLOYMENT,,,,,emp.loc.city,-1,nvarchar,0
AdventureWorks2017,HUMANRESOURCES,535672956,VIEW,VJOBCANDIDATEEDUCATION,,,,,jobcandidateid,4,int,10
AdventureWorks2017,HUMANRESOURCES,535672956,VIEW,VJOBCANDIDATEEDUCATION,,,,,edu.level,-1,nvarchar,0
AdventureWorks2017,HUMANRESOURCES,535672956,VIEW,VJOBCANDIDATEEDUCATION,,,,,edu.startdate,8,datetime,23
AdventureWorks2017,HUMANRESOURCES,535672956,VIEW,VJOBCANDIDATEEDUCATION,,,,,edu.enddate,8,datetime,23
AdventureWorks2017,HUMANRESOURCES,535672956,VIEW,VJOBCANDIDATEEDUCATION,,,,,edu.degree,100,nvarchar,0
AdventureWorks2017,HUMANRESOURCES,535672956,VIEW,VJOBCANDIDATEEDUCATION,,,,,edu.major,100,nvarchar,0
AdventureWorks2017,HUMANRESOURCES,535672956,VIEW,VJOBCANDIDATEEDUCATION,,,,,edu.minor,100,nvarchar,0
AdventureWorks2017,HUMANRESOURCES,535672956,VIEW,VJOBCANDIDATEEDUCATION,,,,,edu.gpa,10,nvarchar,0
AdventureWorks2017,HUMANRESOURCES,535672956,VIEW,VJOBCANDIDATEEDUCATION,,,,,edu.gpascale,10,nvarchar,0
AdventureWorks2017,HUMANRESOURCES,535672956,VIEW,VJOBCANDIDATEEDUCATION,,,,,edu.school,200,nvarchar,0
AdventureWorks2017,HUMANRESOURCES,535672956,VIEW,VJOBCANDIDATEEDUCATION,,,,,edu.loc.countryregion,200,nvarchar,0
AdventureWorks2017,HUMANRESOURCES,535672956,VIEW,VJOBCANDIDATEEDUCATION,,,,,edu.loc.state,200,nvarchar,0
AdventureWorks2017,HUMANRESOURCES,535672956,VIEW,VJOBCANDIDATEEDUCATION,,,,,edu.loc.city,200,nvarchar,0
AdventureWorks2017,PRODUCTION,551673013,VIEW,VPRODUCTANDDESCRIPTION,1764,648,576,72,productid,4,int,10
AdventureWorks2017,PRODUCTION,551673013,VIEW,VPRODUCTANDDESCRIPTION,1764,648,576,72,name,100,nvarchar,0
AdventureWorks2017,PRODUCTION,551673013,VIEW,VPRODUCTANDDESCRIPTION,1764,648,576,72,productmodel,100,nvarchar,0
AdventureWorks2017,PRODUCTION,551673013,VIEW,VPRODUCTANDDESCRIPTION,1764,648,576,72,cultureid,12,nchar,0
AdventureWorks2017,PRODUCTION,551673013,VIEW,VPRODUCTANDDESCRIPTION,1764,648,576,72,description,800,nvarchar,0
AdventureWorks2017,PRODUCTION,567673070,VIEW,VPRODUCTMODELCATALOGDESCRIPTION,,,,,productmodelid,4,int,10
AdventureWorks2017,PRODUCTION,567673070,VIEW,VPRODUCTMODELCATALOGDESCRIPTION,,,,,name,100,nvarchar,0
AdventureWorks2017,PRODUCTION,567673070,VIEW,VPRODUCTMODELCATALOGDESCRIPTION,,,,,summary,-1,nvarchar,0
AdventureWorks2017,PRODUCTION,567673070,VIEW,VPRODUCTMODELCATALOGDESCRIPTION,,,,,manufacturer,-1,nvarchar,0
AdventureWorks2017,PRODUCTION,567673070,VIEW,VPRODUCTMODELCATALOGDESCRIPTION,,,,,copyright,60,nvarchar,0
AdventureWorks2017,PRODUCTION,567673070,VIEW,VPRODUCTMODELCATALOGDESCRIPTION,,,,,producturl,512,nvarchar,0
AdventureWorks2017,PRODUCTION,567673070,VIEW,VPRODUCTMODELCATALOGDESCRIPTION,,,,,warrantyperiod,512,nvarchar,0
AdventureWorks2017,PRODUCTION,567673070,VIEW,VPRODUCTMODELCATALOGDESCRIPTION,,,,,warrantydescription,512,nvarchar,0
AdventureWorks2017,PRODUCTION,567673070,VIEW,VPRODUCTMODELCATALOGDESCRIPTION,,,,,noofyears,512,nvarchar,0
AdventureWorks2017,PRODUCTION,567673070,VIEW,VPRODUCTMODELCATALOGDESCRIPTION,,,,,maintenancedescription,512,nvarchar,0
AdventureWorks2017,PRODUCTION,567673070,VIEW,VPRODUCTMODELCATALOGDESCRIPTION,,,,,wheel,512,nvarchar,0
AdventureWorks2017,PRODUCTION,567673070,VIEW,VPRODUCTMODELCATALOGDESCRIPTION,,,,,saddle,512,nvarchar,0
AdventureWorks2017,PRODUCTION,567673070,VIEW,VPRODUCTMODELCATALOGDESCRIPTION,,,,,pedal,512,nvarchar,0
AdventureWorks2017,PRODUCTION,567673070,VIEW,VPRODUCTMODELCATALOGDESCRIPTION,,,,,bikeframe,-1,nvarchar,0
AdventureWorks2017,PRODUCTION,567673070,VIEW,VPRODUCTMODELCATALOGDESCRIPTION,,,,,crankset,512,nvarchar,0
AdventureWorks2017,PRODUCTION,567673070,VIEW,VPRODUCTMODELCATALOGDESCRIPTION,,,,,pictureangle,512,nvarchar,0
AdventureWorks2017,PRODUCTION,567673070,VIEW,VPRODUCTMODELCATALOGDESCRIPTION,,,,,picturesize,512,nvarchar,0
AdventureWorks2017,PRODUCTION,567673070,VIEW,VPRODUCTMODELCATALOGDESCRIPTION,,,,,productphotoid,512,nvarchar,0
AdventureWorks2017,PRODUCTION,567673070,VIEW,VPRODUCTMODELCATALOGDESCRIPTION,,,,,material,512,nvarchar,0
AdventureWorks2017,PRODUCTION,567673070,VIEW,VPRODUCTMODELCATALOGDESCRIPTION,,,,,color,512,nvarchar,0
AdventureWorks2017,PRODUCTION,567673070,VIEW,VPRODUCTMODELCATALOGDESCRIPTION,,,,,productline,512,nvarchar,0
AdventureWorks2017,PRODUCTION,567673070,VIEW,VPRODUCTMODELCATALOGDESCRIPTION,,,,,style,512,nvarchar,0
AdventureWorks2017,PRODUCTION,567673070,VIEW,VPRODUCTMODELCATALOGDESCRIPTION,,,,,riderexperience,2048,nvarchar,0
AdventureWorks2017,PRODUCTION,567673070,VIEW,VPRODUCTMODELCATALOGDESCRIPTION,,,,,rowguid,16,uniqueidentifier,0
AdventureWorks2017,PRODUCTION,567673070,VIEW,VPRODUCTMODELCATALOGDESCRIPTION,,,,,modifieddate,8,datetime,23
AdventureWorks2017,PRODUCTION,583673127,VIEW,VPRODUCTMODELINSTRUCTIONS,,,,,productmodelid,4,int,10
AdventureWorks2017,PRODUCTION,583673127,VIEW,VPRODUCTMODELINSTRUCTIONS,,,,,name,100,nvarchar,0
AdventureWorks2017,PRODUCTION,583673127,VIEW,VPRODUCTMODELINSTRUCTIONS,,,,,instructions,-1,nvarchar,0
AdventureWorks2017,PRODUCTION,583673127,VIEW,VPRODUCTMODELINSTRUCTIONS,,,,,locationid,4,int,10
AdventureWorks2017,PRODUCTION,583673127,VIEW,VPRODUCTMODELINSTRUCTIONS,,,,,setuphours,5,decimal,38
AdventureWorks2017,PRODUCTION,583673127,VIEW,VPRODUCTMODELINSTRUCTIONS,,,,,machinehours,5,decimal,38
AdventureWorks2017,PRODUCTION,583673127,VIEW,VPRODUCTMODELINSTRUCTIONS,,,,,laborhours,5,decimal,38
AdventureWorks2017,PRODUCTION,583673127,VIEW,VPRODUCTMODELINSTRUCTIONS,,,,,lotsize,4,int,10
AdventureWorks2017,PRODUCTION,583673127,VIEW,VPRODUCTMODELINSTRUCTIONS,,,,,step,2048,nvarchar,0
AdventureWorks2017,PRODUCTION,583673127,VIEW,VPRODUCTMODELINSTRUCTIONS,,,,,rowguid,16,uniqueidentifier,0
AdventureWorks2017,PRODUCTION,583673127,VIEW,VPRODUCTMODELINSTRUCTIONS,,,,,modifieddate,8,datetime,23
AdventureWorks2017,SALES,599673184,VIEW,VSALESPERSON,,,,,businessentityid,4,int,10
AdventureWorks2017,SALES,599673184,VIEW,VSALESPERSON,,,,,title,16,nvarchar,0
AdventureWorks2017,SALES,599673184,VIEW,VSALESPERSON,,,,,firstname,100,nvarchar,0
AdventureWorks2017,SALES,599673184,VIEW,VSALESPERSON,,,,,middlename,100,nvarchar,0
AdventureWorks2017,SALES,599673184,VIEW,VSALESPERSON,,,,,lastname,100,nvarchar,0
AdventureWorks2017,SALES,599673184,VIEW,VSALESPERSON,,,,,suffix,20,nvarchar,0
AdventureWorks2017,SALES,599673184,VIEW,VSALESPERSON,,,,,jobtitle,100,nvarchar,0
AdventureWorks2017,SALES,599673184,VIEW,VSALESPERSON,,,,,phonenumber,50,nvarchar,0
AdventureWorks2017,SALES,599673184,VIEW,VSALESPERSON,,,,,phonenumbertype,100,nvarchar,0
AdventureWorks2017,SALES,599673184,VIEW,VSALESPERSON,,,,,emailaddress,100,nvarchar,0
AdventureWorks2017,SALES,599673184,VIEW,VSALESPERSON,,,,,emailpromotion,4,int,10
AdventureWorks2017,SALES,599673184,VIEW,VSALESPERSON,,,,,addressline1,120,nvarchar,0
AdventureWorks2017,SALES,599673184,VIEW,VSALESPERSON,,,,,addressline2,120,nvarchar,0
AdventureWorks2017,SALES,599673184,VIEW,VSALESPERSON,,,,,city,60,nvarchar,0
AdventureWorks2017,SALES,599673184,VIEW,VSALESPERSON,,,,,stateprovincename,100,nvarchar,0
AdventureWorks2017,SALES,599673184,VIEW,VSALESPERSON,,,,,postalcode,30,nvarchar,0
AdventureWorks2017,SALES,599673184,VIEW,VSALESPERSON,,,,,countryregionname,100,nvarchar,0
AdventureWorks2017,SALES,599673184,VIEW,VSALESPERSON,,,,,territoryname,100,nvarchar,0
AdventureWorks2017,SALES,599673184,VIEW,VSALESPERSON,,,,,territorygroup,100,nvarchar,0
AdventureWorks2017,SALES,599673184,VIEW,VSALESPERSON,,,,,salesquota,8,money,19
AdventureWorks2017,SALES,599673184,VIEW,VSALESPERSON,,,,,salesytd,8,money,19
AdventureWorks2017,SALES,599673184,VIEW,VSALESPERSON,,,,,saleslastyear,8,money,19
AdventureWorks2017,SALES,606625204,USER_TABLE,SALESTERRITORYHISTORY,17,144,32,112,businessentityid,4,int,10
AdventureWorks2017,SALES,606625204,USER_TABLE,SALESTERRITORYHISTORY,17,144,32,112,territoryid,4,int,10
AdventureWorks2017,SALES,606625204,USER_TABLE,SALESTERRITORYHISTORY,17,144,32,112,startdate,8,datetime,23
AdventureWorks2017,SALES,606625204,USER_TABLE,SALESTERRITORYHISTORY,17,144,32,112,enddate,8,datetime,23
AdventureWorks2017,SALES,606625204,USER_TABLE,SALESTERRITORYHISTORY,17,144,32,112,rowguid,16,uniqueidentifier,0
AdventureWorks2017,SALES,606625204,USER_TABLE,SALESTERRITORYHISTORY,17,144,32,112,modifieddate,8,datetime,23
AdventureWorks2017,SALES,615673241,VIEW,VSALESPERSONSALESBYFISCALYEARS,,,,,salespersonid,4,int,10
AdventureWorks2017,SALES,615673241,VIEW,VSALESPERSONSALESBYFISCALYEARS,,,,,fullname,304,nvarchar,0
AdventureWorks2017,SALES,615673241,VIEW,VSALESPERSONSALESBYFISCALYEARS,,,,,jobtitle,100,nvarchar,0
AdventureWorks2017,SALES,615673241,VIEW,VSALESPERSONSALESBYFISCALYEARS,,,,,salesterritory,100,nvarchar,0
AdventureWorks2017,SALES,615673241,VIEW,VSALESPERSONSALESBYFISCALYEARS,,,,,"2002",8,money,19
AdventureWorks2017,SALES,615673241,VIEW,VSALESPERSONSALESBYFISCALYEARS,,,,,"2003",8,money,19
AdventureWorks2017,SALES,615673241,VIEW,VSALESPERSONSALESBYFISCALYEARS,,,,,"2004",8,money,19
AdventureWorks2017,PERSON,631673298,VIEW,VSTATEPROVINCECOUNTRYREGION,181,200,32,168,stateprovinceid,4,int,10
AdventureWorks2017,PERSON,631673298,VIEW,VSTATEPROVINCECOUNTRYREGION,181,200,32,168,stateprovincecode,6,nchar,0
AdventureWorks2017,PERSON,631673298,VIEW,VSTATEPROVINCECOUNTRYREGION,181,200,32,168,isonlystateprovinceflag,1,bit,1
AdventureWorks2017,PERSON,631673298,VIEW,VSTATEPROVINCECOUNTRYREGION,181,200,32,168,stateprovincename,100,nvarchar,0
AdventureWorks2017,PERSON,631673298,VIEW,VSTATEPROVINCECOUNTRYREGION,181,200,32,168,territoryid,4,int,10
AdventureWorks2017,PERSON,631673298,VIEW,VSTATEPROVINCECOUNTRYREGION,181,200,32,168,countryregioncode,6,nvarchar,0
AdventureWorks2017,PERSON,631673298,VIEW,VSTATEPROVINCECOUNTRYREGION,181,200,32,168,countryregionname,100,nvarchar,0
AdventureWorks2017,SALES,647673355,VIEW,VSTOREWITHDEMOGRAPHICS,,,,,businessentityid,4,int,10
AdventureWorks2017,SALES,647673355,VIEW,VSTOREWITHDEMOGRAPHICS,,,,,name,100,nvarchar,0
AdventureWorks2017,SALES,647673355,VIEW,VSTOREWITHDEMOGRAPHICS,,,,,annualsales,8,money,19
AdventureWorks2017,SALES,647673355,VIEW,VSTOREWITHDEMOGRAPHICS,,,,,annualrevenue,8,money,19
AdventureWorks2017,SALES,647673355,VIEW,VSTOREWITHDEMOGRAPHICS,,,,,bankname,100,nvarchar,0
AdventureWorks2017,SALES,647673355,VIEW,VSTOREWITHDEMOGRAPHICS,,,,,businesstype,10,nvarchar,0
AdventureWorks2017,SALES,647673355,VIEW,VSTOREWITHDEMOGRAPHICS,,,,,yearopened,4,int,10
AdventureWorks2017,SALES,647673355,VIEW,VSTOREWITHDEMOGRAPHICS,,,,,specialty,100,nvarchar,0
AdventureWorks2017,SALES,647673355,VIEW,VSTOREWITHDEMOGRAPHICS,,,,,squarefeet,4,int,10
AdventureWorks2017,SALES,647673355,VIEW,VSTOREWITHDEMOGRAPHICS,,,,,brands,60,nvarchar,0
AdventureWorks2017,SALES,647673355,VIEW,VSTOREWITHDEMOGRAPHICS,,,,,internet,60,nvarchar,0
AdventureWorks2017,SALES,647673355,VIEW,VSTOREWITHDEMOGRAPHICS,,,,,numberemployees,4,int,10
AdventureWorks2017,SALES,663673412,VIEW,VSTOREWITHCONTACTS,,,,,businessentityid,4,int,10
AdventureWorks2017,SALES,663673412,VIEW,VSTOREWITHCONTACTS,,,,,name,100,nvarchar,0
AdventureWorks2017,SALES,663673412,VIEW,VSTOREWITHCONTACTS,,,,,contacttype,100,nvarchar,0
AdventureWorks2017,SALES,663673412,VIEW,VSTOREWITHCONTACTS,,,,,title,16,nvarchar,0
AdventureWorks2017,SALES,663673412,VIEW,VSTOREWITHCONTACTS,,,,,firstname,100,nvarchar,0
AdventureWorks2017,SALES,663673412,VIEW,VSTOREWITHCONTACTS,,,,,middlename,100,nvarchar,0
AdventureWorks2017,SALES,663673412,VIEW,VSTOREWITHCONTACTS,,,,,lastname,100,nvarchar,0
AdventureWorks2017,SALES,663673412,VIEW,VSTOREWITHCONTACTS,,,,,suffix,20,nvarchar,0
AdventureWorks2017,SALES,663673412,VIEW,VSTOREWITHCONTACTS,,,,,phonenumber,50,nvarchar,0
AdventureWorks2017,SALES,663673412,VIEW,VSTOREWITHCONTACTS,,,,,phonenumbertype,100,nvarchar,0
AdventureWorks2017,SALES,663673412,VIEW,VSTOREWITHCONTACTS,,,,,emailaddress,100,nvarchar,0
AdventureWorks2017,SALES,663673412,VIEW,VSTOREWITHCONTACTS,,,,,emailpromotion,4,int,10
AdventureWorks2017,PRODUCTION,670625432,USER_TABLE,SCRAPREASON,16,144,32,112,scrapreasonid,2,smallint,5
AdventureWorks2017,PRODUCTION,670625432,USER_TABLE,SCRAPREASON,16,144,32,112,name,100,nvarchar,0
AdventureWorks2017,PRODUCTION,670625432,USER_TABLE,SCRAPREASON,16,144,32,112,modifieddate,8,datetime,23
AdventureWorks2017,SALES,679673469,VIEW,VSTOREWITHADDRESSES,,,,,businessentityid,4,int,10
AdventureWorks2017,SALES,679673469,VIEW,VSTOREWITHADDRESSES,,,,,name,100,nvarchar,0
AdventureWorks2017,SALES,679673469,VIEW,VSTOREWITHADDRESSES,,,,,addresstype,100,nvarchar,0
AdventureWorks2017,SALES,679673469,VIEW,VSTOREWITHADDRESSES,,,,,addressline1,120,nvarchar,0
AdventureWorks2017,SALES,679673469,VIEW,VSTOREWITHADDRESSES,,,,,addressline2,120,nvarchar,0
AdventureWorks2017,SALES,679673469,VIEW,VSTOREWITHADDRESSES,,,,,city,60,nvarchar,0
AdventureWorks2017,SALES,679673469,VIEW,VSTOREWITHADDRESSES,,,,,stateprovincename,100,nvarchar,0
AdventureWorks2017,SALES,679673469,VIEW,VSTOREWITHADDRESSES,,,,,postalcode,30,nvarchar,0
AdventureWorks2017,SALES,679673469,VIEW,VSTOREWITHADDRESSES,,,,,countryregionname,100,nvarchar,0
AdventureWorks2017,PURCHASING,695673526,VIEW,VVENDORWITHCONTACTS,,,,,businessentityid,4,int,10
AdventureWorks2017,PURCHASING,695673526,VIEW,VVENDORWITHCONTACTS,,,,,name,100,nvarchar,0
AdventureWorks2017,PURCHASING,695673526,VIEW,VVENDORWITHCONTACTS,,,,,contacttype,100,nvarchar,0
AdventureWorks2017,PURCHASING,695673526,VIEW,VVENDORWITHCONTACTS,,,,,title,16,nvarchar,0
AdventureWorks2017,PURCHASING,695673526,VIEW,VVENDORWITHCONTACTS,,,,,firstname,100,nvarchar,0
AdventureWorks2017,PURCHASING,695673526,VIEW,VVENDORWITHCONTACTS,,,,,middlename,100,nvarchar,0
AdventureWorks2017,PURCHASING,695673526,VIEW,VVENDORWITHCONTACTS,,,,,lastname,100,nvarchar,0
AdventureWorks2017,PURCHASING,695673526,VIEW,VVENDORWITHCONTACTS,,,,,suffix,20,nvarchar,0
AdventureWorks2017,PURCHASING,695673526,VIEW,VVENDORWITHCONTACTS,,,,,phonenumber,50,nvarchar,0
AdventureWorks2017,PURCHASING,695673526,VIEW,VVENDORWITHCONTACTS,,,,,phonenumbertype,100,nvarchar,0
AdventureWorks2017,PURCHASING,695673526,VIEW,VVENDORWITHCONTACTS,,,,,emailaddress,100,nvarchar,0
AdventureWorks2017,PURCHASING,695673526,VIEW,VVENDORWITHCONTACTS,,,,,emailpromotion,4,int,10
AdventureWorks2017,HUMANRESOURCES,702625546,USER_TABLE,SHIFT,3,216,48,168,shiftid,1,tinyint,3
AdventureWorks2017,HUMANRESOURCES,702625546,USER_TABLE,SHIFT,3,216,48,168,name,100,nvarchar,0
AdventureWorks2017,HUMANRESOURCES,702625546,USER_TABLE,SHIFT,3,216,48,168,starttime,5,time,16
AdventureWorks2017,HUMANRESOURCES,702625546,USER_TABLE,SHIFT,3,216,48,168,endtime,5,time,16
AdventureWorks2017,HUMANRESOURCES,702625546,USER_TABLE,SHIFT,3,216,48,168,modifieddate,8,datetime,23
AdventureWorks2017,PURCHASING,711673583,VIEW,VVENDORWITHADDRESSES,,,,,businessentityid,4,int,10
AdventureWorks2017,PURCHASING,711673583,VIEW,VVENDORWITHADDRESSES,,,,,name,100,nvarchar,0
AdventureWorks2017,PURCHASING,711673583,VIEW,VVENDORWITHADDRESSES,,,,,addresstype,100,nvarchar,0
AdventureWorks2017,PURCHASING,711673583,VIEW,VVENDORWITHADDRESSES,,,,,addressline1,120,nvarchar,0
AdventureWorks2017,PURCHASING,711673583,VIEW,VVENDORWITHADDRESSES,,,,,addressline2,120,nvarchar,0
AdventureWorks2017,PURCHASING,711673583,VIEW,VVENDORWITHADDRESSES,,,,,city,60,nvarchar,0
AdventureWorks2017,PURCHASING,711673583,VIEW,VVENDORWITHADDRESSES,,,,,stateprovincename,100,nvarchar,0
AdventureWorks2017,PURCHASING,711673583,VIEW,VVENDORWITHADDRESSES,,,,,postalcode,30,nvarchar,0
AdventureWorks2017,PURCHASING,711673583,VIEW,VVENDORWITHADDRESSES,,,,,countryregionname,100,nvarchar,0
AdventureWorks2017,PRODUCTION,722101613,USER_TABLE,PRODUCTCATEGORY,4,216,48,168,productcategoryid,4,int,10
AdventureWorks2017,PRODUCTION,722101613,USER_TABLE,PRODUCTCATEGORY,4,216,48,168,name,100,nvarchar,0
AdventureWorks2017,PRODUCTION,722101613,USER_TABLE,PRODUCTCATEGORY,4,216,48,168,rowguid,16,uniqueidentifier,0
AdventureWorks2017,PRODUCTION,722101613,USER_TABLE,PRODUCTCATEGORY,4,216,48,168,modifieddate,8,datetime,23
AdventureWorks2017,PURCHASING,734625660,USER_TABLE,SHIPMETHOD,5,216,48,168,shipmethodid,4,int,10
AdventureWorks2017,PURCHASING,734625660,USER_TABLE,SHIPMETHOD,5,216,48,168,name,100,nvarchar,0
AdventureWorks2017,PURCHASING,734625660,USER_TABLE,SHIPMETHOD,5,216,48,168,shipbase,8,money,19
AdventureWorks2017,PURCHASING,734625660,USER_TABLE,SHIPMETHOD,5,216,48,168,shiprate,8,money,19
AdventureWorks2017,PURCHASING,734625660,USER_TABLE,SHIPMETHOD,5,216,48,168,rowguid,16,uniqueidentifier,0
AdventureWorks2017,PURCHASING,734625660,USER_TABLE,SHIPMETHOD,5,216,48,168,modifieddate,8,datetime,23
AdventureWorks2017,PRODUCTION,770101784,USER_TABLE,PRODUCTCOSTHISTORY,395,200,40,160,productid,4,int,10
AdventureWorks2017,PRODUCTION,770101784,USER_TABLE,PRODUCTCOSTHISTORY,395,200,40,160,startdate,8,datetime,23
AdventureWorks2017,PRODUCTION,770101784,USER_TABLE,PRODUCTCOSTHISTORY,395,200,40,160,enddate,8,datetime,23
AdventureWorks2017,PRODUCTION,770101784,USER_TABLE,PRODUCTCOSTHISTORY,395,200,40,160,standardcost,8,money,19
AdventureWorks2017,PRODUCTION,770101784,USER_TABLE,PRODUCTCOSTHISTORY,395,200,40,160,modifieddate,8,datetime,23
AdventureWorks2017,PRODUCTION,834102012,USER_TABLE,PRODUCTDESCRIPTION,762,464,200,264,productdescriptionid,4,int,10
AdventureWorks2017,PRODUCTION,834102012,USER_TABLE,PRODUCTDESCRIPTION,762,464,200,264,description,800,nvarchar,0
AdventureWorks2017,PRODUCTION,834102012,USER_TABLE,PRODUCTDESCRIPTION,762,464,200,264,rowguid,16,uniqueidentifier,0
AdventureWorks2017,PRODUCTION,834102012,USER_TABLE,PRODUCTDESCRIPTION,762,464,200,264,modifieddate,8,datetime,23
AdventureWorks2017,SALES,846626059,USER_TABLE,SHOPPINGCARTITEM,3,144,32,112,shoppingcartitemid,4,int,10
AdventureWorks2017,SALES,846626059,USER_TABLE,SHOPPINGCARTITEM,3,144,32,112,shoppingcartid,100,nvarchar,0
AdventureWorks2017,SALES,846626059,USER_TABLE,SHOPPINGCARTITEM,3,144,32,112,quantity,4,int,10
AdventureWorks2017,SALES,846626059,USER_TABLE,SHOPPINGCARTITEM,3,144,32,112,productid,4,int,10
AdventureWorks2017,SALES,846626059,USER_TABLE,SHOPPINGCARTITEM,3,144,32,112,datecreated,8,datetime,23
AdventureWorks2017,SALES,846626059,USER_TABLE,SHOPPINGCARTITEM,3,144,32,112,modifieddate,8,datetime,23
AdventureWorks2017,PRODUCTION,882102183,USER_TABLE,PRODUCTDOCUMENT,32,72,16,56,productid,4,int,10
AdventureWorks2017,PRODUCTION,882102183,USER_TABLE,PRODUCTDOCUMENT,32,72,16,56,documentnode,892,,
AdventureWorks2017,PRODUCTION,882102183,USER_TABLE,PRODUCTDOCUMENT,32,72,16,56,modifieddate,8,datetime,23
AdventureWorks2017,DBO,901578250,USER_TABLE,DATABASELOG,1596,6680,6600,80,databaselogid,4,int,10
AdventureWorks2017,DBO,901578250,USER_TABLE,DATABASELOG,1596,6680,6600,80,posttime,8,datetime,23
AdventureWorks2017,DBO,901578250,USER_TABLE,DATABASELOG,1596,6680,6600,80,databaseuser,256,nvarchar,0
AdventureWorks2017,DBO,901578250,USER_TABLE,DATABASELOG,1596,6680,6600,80,event,256,nvarchar,0
AdventureWorks2017,DBO,901578250,USER_TABLE,DATABASELOG,1596,6680,6600,80,schema,256,nvarchar,0
AdventureWorks2017,DBO,901578250,USER_TABLE,DATABASELOG,1596,6680,6600,80,object,256,nvarchar,0
AdventureWorks2017,DBO,901578250,USER_TABLE,DATABASELOG,1596,6680,6600,80,tsql,-1,nvarchar,0
AdventureWorks2017,DBO,901578250,USER_TABLE,DATABASELOG,1596,6680,6600,80,xmlevent,-1,xml,0
AdventureWorks2017,PRODUCTION,914102297,USER_TABLE,PRODUCTINVENTORY,1069,200,72,128,productid,4,int,10
AdventureWorks2017,PRODUCTION,914102297,USER_TABLE,PRODUCTINVENTORY,1069,200,72,128,locationid,2,smallint,5
AdventureWorks2017,PRODUCTION,914102297,USER_TABLE,PRODUCTINVENTORY,1069,200,72,128,shelf,20,nvarchar,0
AdventureWorks2017,PRODUCTION,914102297,USER_TABLE,PRODUCTINVENTORY,1069,200,72,128,bin,1,tinyint,3
AdventureWorks2017,PRODUCTION,914102297,USER_TABLE,PRODUCTINVENTORY,1069,200,72,128,quantity,2,smallint,5
AdventureWorks2017,PRODUCTION,914102297,USER_TABLE,PRODUCTINVENTORY,1069,200,72,128,rowguid,16,uniqueidentifier,0
AdventureWorks2017,PRODUCTION,914102297,USER_TABLE,PRODUCTINVENTORY,1069,200,72,128,modifieddate,8,datetime,23
AdventureWorks2017,SALES,926626344,USER_TABLE,SPECIALOFFER,16,144,32,112,specialofferid,4,int,10
AdventureWorks2017,SALES,926626344,USER_TABLE,SPECIALOFFER,16,144,32,112,description,510,nvarchar,0
AdventureWorks2017,SALES,926626344,USER_TABLE,SPECIALOFFER,16,144,32,112,discountpct,4,smallmoney,10
AdventureWorks2017,SALES,926626344,USER_TABLE,SPECIALOFFER,16,144,32,112,type,100,nvarchar,0
AdventureWorks2017,SALES,926626344,USER_TABLE,SPECIALOFFER,16,144,32,112,category,100,nvarchar,0
AdventureWorks2017,SALES,926626344,USER_TABLE,SPECIALOFFER,16,144,32,112,startdate,8,datetime,23
AdventureWorks2017,SALES,926626344,USER_TABLE,SPECIALOFFER,16,144,32,112,enddate,8,datetime,23
AdventureWorks2017,SALES,926626344,USER_TABLE,SPECIALOFFER,16,144,32,112,minqty,4,int,10
AdventureWorks2017,SALES,926626344,USER_TABLE,SPECIALOFFER,16,144,32,112,maxqty,4,int,10
AdventureWorks2017,SALES,926626344,USER_TABLE,SPECIALOFFER,16,144,32,112,rowguid,16,uniqueidentifier,0
AdventureWorks2017,SALES,926626344,USER_TABLE,SPECIALOFFER,16,144,32,112,modifieddate,8,datetime,23
AdventureWorks2017,DBO,933578364,USER_TABLE,ERRORLOG,0,0,0,0,errorlogid,4,int,10
AdventureWorks2017,DBO,933578364,USER_TABLE,ERRORLOG,0,0,0,0,errortime,8,datetime,23
AdventureWorks2017,DBO,933578364,USER_TABLE,ERRORLOG,0,0,0,0,username,256,nvarchar,0
AdventureWorks2017,DBO,933578364,USER_TABLE,ERRORLOG,0,0,0,0,errornumber,4,int,10
AdventureWorks2017,DBO,933578364,USER_TABLE,ERRORLOG,0,0,0,0,errorseverity,4,int,10
AdventureWorks2017,DBO,933578364,USER_TABLE,ERRORLOG,0,0,0,0,errorstate,4,int,10
AdventureWorks2017,DBO,933578364,USER_TABLE,ERRORLOG,0,0,0,0,errorprocedure,252,nvarchar,0
AdventureWorks2017,DBO,933578364,USER_TABLE,ERRORLOG,0,0,0,0,errorline,4,int,10
AdventureWorks2017,DBO,933578364,USER_TABLE,ERRORLOG,0,0,0,0,errormessage,8000,nvarchar,0
AdventureWorks2017,PRODUCTION,1010102639,USER_TABLE,PRODUCTLISTPRICEHISTORY,395,200,40,160,productid,4,int,10
AdventureWorks2017,PRODUCTION,1010102639,USER_TABLE,PRODUCTLISTPRICEHISTORY,395,200,40,160,startdate,8,datetime,23
AdventureWorks2017,PRODUCTION,1010102639,USER_TABLE,PRODUCTLISTPRICEHISTORY,395,200,40,160,enddate,8,datetime,23
AdventureWorks2017,PRODUCTION,1010102639,USER_TABLE,PRODUCTLISTPRICEHISTORY,395,200,40,160,listprice,8,money,19
AdventureWorks2017,PRODUCTION,1010102639,USER_TABLE,PRODUCTLISTPRICEHISTORY,395,200,40,160,modifieddate,8,datetime,23
AdventureWorks2017,PERSON,1029578706,USER_TABLE,ADDRESS,19614,6128,5408,720,addressid,4,int,10
AdventureWorks2017,PERSON,1029578706,USER_TABLE,ADDRESS,19614,6128,5408,720,addressline1,120,nvarchar,0
AdventureWorks2017,PERSON,1029578706,USER_TABLE,ADDRESS,19614,6128,5408,720,addressline2,120,nvarchar,0
AdventureWorks2017,PERSON,1029578706,USER_TABLE,ADDRESS,19614,6128,5408,720,city,60,nvarchar,0
AdventureWorks2017,PERSON,1029578706,USER_TABLE,ADDRESS,19614,6128,5408,720,stateprovinceid,4,int,10
AdventureWorks2017,PERSON,1029578706,USER_TABLE,ADDRESS,19614,6128,5408,720,postalcode,30,nvarchar,0
AdventureWorks2017,PERSON,1029578706,USER_TABLE,ADDRESS,19614,6128,5408,720,spatiallocation,-1,,
AdventureWorks2017,PERSON,1029578706,USER_TABLE,ADDRESS,19614,6128,5408,720,rowguid,16,uniqueidentifier,0
AdventureWorks2017,PERSON,1029578706,USER_TABLE,ADDRESS,19614,6128,5408,720,modifieddate,8,datetime,23
AdventureWorks2017,SALES,1070626857,USER_TABLE,SPECIALOFFERPRODUCT,538,472,88,384,specialofferid,4,int,10
AdventureWorks2017,SALES,1070626857,USER_TABLE,SPECIALOFFERPRODUCT,538,472,88,384,productid,4,int,10
AdventureWorks2017,SALES,1070626857,USER_TABLE,SPECIALOFFERPRODUCT,538,472,88,384,rowguid,16,uniqueidentifier,0
AdventureWorks2017,SALES,1070626857,USER_TABLE,SPECIALOFFERPRODUCT,538,472,88,384,modifieddate,8,datetime,23
AdventureWorks2017,PRODUCTION,1074102867,USER_TABLE,PRODUCTMODEL,,,,,productmodelid,4,int,10
AdventureWorks2017,PRODUCTION,1074102867,USER_TABLE,PRODUCTMODEL,128,480,192,288,productmodelid,4,int,10
AdventureWorks2017,PRODUCTION,1074102867,USER_TABLE,PRODUCTMODEL,,,,,name,100,nvarchar,0
AdventureWorks2017,PRODUCTION,1074102867,USER_TABLE,PRODUCTMODEL,128,480,192,288,name,100,nvarchar,0
AdventureWorks2017,PRODUCTION,1074102867,USER_TABLE,PRODUCTMODEL,,,,,catalogdescription,-1,xml,0
AdventureWorks2017,PRODUCTION,1074102867,USER_TABLE,PRODUCTMODEL,128,480,192,288,catalogdescription,-1,xml,0
AdventureWorks2017,PRODUCTION,1074102867,USER_TABLE,PRODUCTMODEL,,,,,instructions,-1,xml,0
AdventureWorks2017,PRODUCTION,1074102867,USER_TABLE,PRODUCTMODEL,128,480,192,288,instructions,-1,xml,0
AdventureWorks2017,PRODUCTION,1074102867,USER_TABLE,PRODUCTMODEL,,,,,rowguid,16,uniqueidentifier,0
AdventureWorks2017,PRODUCTION,1074102867,USER_TABLE,PRODUCTMODEL,128,480,192,288,rowguid,16,uniqueidentifier,0
AdventureWorks2017,PRODUCTION,1074102867,USER_TABLE,PRODUCTMODEL,,,,,modifieddate,8,datetime,23
AdventureWorks2017,PRODUCTION,1074102867,USER_TABLE,PRODUCTMODEL,128,480,192,288,modifieddate,8,datetime,23
AdventureWorks2017,PERSON,1077578877,USER_TABLE,ADDRESSTYPE,6,216,48,168,addresstypeid,4,int,10
AdventureWorks2017,PERSON,1077578877,USER_TABLE,ADDRESSTYPE,6,216,48,168,name,100,nvarchar,0
AdventureWorks2017,PERSON,1077578877,USER_TABLE,ADDRESSTYPE,6,216,48,168,rowguid,16,uniqueidentifier,0
AdventureWorks2017,PERSON,1077578877,USER_TABLE,ADDRESSTYPE,6,216,48,168,modifieddate,8,datetime,23
AdventureWorks2017,PERSON,1118627028,USER_TABLE,STATEPROVINCE,181,416,80,336,stateprovinceid,4,int,10
AdventureWorks2017,PERSON,1118627028,USER_TABLE,STATEPROVINCE,181,416,80,336,stateprovincecode,6,nchar,0
AdventureWorks2017,PERSON,1118627028,USER_TABLE,STATEPROVINCE,181,416,80,336,countryregioncode,6,nvarchar,0
AdventureWorks2017,PERSON,1118627028,USER_TABLE,STATEPROVINCE,181,416,80,336,isonlystateprovinceflag,1,bit,1
AdventureWorks2017,PERSON,1118627028,USER_TABLE,STATEPROVINCE,181,416,80,336,name,100,nvarchar,0
AdventureWorks2017,PERSON,1118627028,USER_TABLE,STATEPROVINCE,181,416,80,336,territoryid,4,int,10
AdventureWorks2017,PERSON,1118627028,USER_TABLE,STATEPROVINCE,181,416,80,336,rowguid,16,uniqueidentifier,0
AdventureWorks2017,PERSON,1118627028,USER_TABLE,STATEPROVINCE,181,416,80,336,modifieddate,8,datetime,23
AdventureWorks2017,PRODUCTION,1122103038,USER_TABLE,PRODUCTMODELILLUSTRATION,7,72,16,56,productmodelid,4,int,10
AdventureWorks2017,PRODUCTION,1122103038,USER_TABLE,PRODUCTMODELILLUSTRATION,7,72,16,56,illustrationid,4,int,10
AdventureWorks2017,PRODUCTION,1122103038,USER_TABLE,PRODUCTMODELILLUSTRATION,7,72,16,56,modifieddate,8,datetime,23
AdventureWorks2017,DBO,1125579048,USER_TABLE,AWBUILDVERSION,1,72,16,56,systeminformationid,1,tinyint,3
AdventureWorks2017,DBO,1125579048,USER_TABLE,AWBUILDVERSION,1,72,16,56,database version,50,nvarchar,0
AdventureWorks2017,DBO,1125579048,USER_TABLE,AWBUILDVERSION,1,72,16,56,versiondate,8,datetime,23
AdventureWorks2017,DBO,1125579048,USER_TABLE,AWBUILDVERSION,1,72,16,56,modifieddate,8,datetime,23
AdventureWorks2017,PRODUCTION,1154103152,USER_TABLE,PRODUCTMODELPRODUCTDESCRIPTIONCULTURE,762,200,48,152,productmodelid,4,int,10
AdventureWorks2017,PRODUCTION,1154103152,USER_TABLE,PRODUCTMODELPRODUCTDESCRIPTIONCULTURE,762,200,48,152,productdescriptionid,4,int,10
AdventureWorks2017,PRODUCTION,1154103152,USER_TABLE,PRODUCTMODELPRODUCTDESCRIPTIONCULTURE,762,200,48,152,cultureid,12,nchar,0
AdventureWorks2017,PRODUCTION,1154103152,USER_TABLE,PRODUCTMODELPRODUCTDESCRIPTIONCULTURE,762,200,48,152,modifieddate,8,datetime,23
AdventureWorks2017,PRODUCTION,1157579162,USER_TABLE,BILLOFMATERIALS,2679,792,360,432,billofmaterialsid,4,int,10
AdventureWorks2017,PRODUCTION,1157579162,USER_TABLE,BILLOFMATERIALS,2679,792,360,432,productassemblyid,4,int,10
AdventureWorks2017,PRODUCTION,1157579162,USER_TABLE,BILLOFMATERIALS,2679,792,360,432,componentid,4,int,10
AdventureWorks2017,PRODUCTION,1157579162,USER_TABLE,BILLOFMATERIALS,2679,792,360,432,startdate,8,datetime,23
AdventureWorks2017,PRODUCTION,1157579162,USER_TABLE,BILLOFMATERIALS,2679,792,360,432,enddate,8,datetime,23
AdventureWorks2017,PRODUCTION,1157579162,USER_TABLE,BILLOFMATERIALS,2679,792,360,432,unitmeasurecode,6,nchar,0
AdventureWorks2017,PRODUCTION,1157579162,USER_TABLE,BILLOFMATERIALS,2679,792,360,432,bomlevel,2,smallint,5
AdventureWorks2017,PRODUCTION,1157579162,USER_TABLE,BILLOFMATERIALS,2679,792,360,432,perassemblyqty,5,decimal,38
AdventureWorks2017,PRODUCTION,1157579162,USER_TABLE,BILLOFMATERIALS,2679,792,360,432,modifieddate,8,datetime,23
AdventureWorks2017,SALES,1182627256,USER_TABLE,STORE,,,,,businessentityid,4,int,10
AdventureWorks2017,SALES,1182627256,USER_TABLE,STORE,701,1304,896,408,businessentityid,4,int,10
AdventureWorks2017,SALES,1182627256,USER_TABLE,STORE,,,,,name,100,nvarchar,0
AdventureWorks2017,SALES,1182627256,USER_TABLE,STORE,701,1304,896,408,name,100,nvarchar,0
AdventureWorks2017,SALES,1182627256,USER_TABLE,STORE,,,,,salespersonid,4,int,10
AdventureWorks2017,SALES,1182627256,USER_TABLE,STORE,701,1304,896,408,salespersonid,4,int,10
AdventureWorks2017,SALES,1182627256,USER_TABLE,STORE,,,,,demographics,-1,xml,0
AdventureWorks2017,SALES,1182627256,USER_TABLE,STORE,701,1304,896,408,demographics,-1,xml,0
AdventureWorks2017,SALES,1182627256,USER_TABLE,STORE,,,,,rowguid,16,uniqueidentifier,0
AdventureWorks2017,SALES,1182627256,USER_TABLE,STORE,701,1304,896,408,rowguid,16,uniqueidentifier,0
AdventureWorks2017,SALES,1182627256,USER_TABLE,STORE,,,,,modifieddate,8,datetime,23
AdventureWorks2017,SALES,1182627256,USER_TABLE,STORE,701,1304,896,408,modifieddate,8,datetime,23
AdventureWorks2017,PRODUCTION,1186103266,USER_TABLE,PRODUCTPHOTO,101,2512,2296,216,productphotoid,4,int,10
AdventureWorks2017,PRODUCTION,1186103266,USER_TABLE,PRODUCTPHOTO,101,2512,2296,216,thumbnailphoto,-1,varbinary,0
AdventureWorks2017,PRODUCTION,1186103266,USER_TABLE,PRODUCTPHOTO,101,2512,2296,216,thumbnailphotofilename,100,nvarchar,0
AdventureWorks2017,PRODUCTION,1186103266,USER_TABLE,PRODUCTPHOTO,101,2512,2296,216,largephoto,-1,varbinary,0
AdventureWorks2017,PRODUCTION,1186103266,USER_TABLE,PRODUCTPHOTO,101,2512,2296,216,largephotofilename,100,nvarchar,0
AdventureWorks2017,PRODUCTION,1186103266,USER_TABLE,PRODUCTPHOTO,101,2512,2296,216,modifieddate,8,datetime,23
AdventureWorks2017,PRODUCTION,1218103380,USER_TABLE,PRODUCTPRODUCTPHOTO,504,272,56,216,productid,4,int,10
AdventureWorks2017,PRODUCTION,1218103380,USER_TABLE,PRODUCTPRODUCTPHOTO,504,272,56,216,productphotoid,4,int,10
AdventureWorks2017,PRODUCTION,1218103380,USER_TABLE,PRODUCTPRODUCTPHOTO,504,272,56,216,primary,1,bit,1
AdventureWorks2017,PRODUCTION,1218103380,USER_TABLE,PRODUCTPRODUCTPHOTO,504,272,56,216,modifieddate,8,datetime,23
AdventureWorks2017,PRODUCTION,1230627427,USER_TABLE,TRANSACTIONHISTORY,113443,11800,10264,1536,transactionid,4,int,10
AdventureWorks2017,PRODUCTION,1230627427,USER_TABLE,TRANSACTIONHISTORY,113443,11800,10264,1536,productid,4,int,10
AdventureWorks2017,PRODUCTION,1230627427,USER_TABLE,TRANSACTIONHISTORY,113443,11800,10264,1536,referenceorderid,4,int,10
AdventureWorks2017,PRODUCTION,1230627427,USER_TABLE,TRANSACTIONHISTORY,113443,11800,10264,1536,referenceorderlineid,4,int,10
AdventureWorks2017,PRODUCTION,1230627427,USER_TABLE,TRANSACTIONHISTORY,113443,11800,10264,1536,transactiondate,8,datetime,23
AdventureWorks2017,PRODUCTION,1230627427,USER_TABLE,TRANSACTIONHISTORY,113443,11800,10264,1536,transactiontype,2,nchar,0
AdventureWorks2017,PRODUCTION,1230627427,USER_TABLE,TRANSACTIONHISTORY,113443,11800,10264,1536,quantity,4,int,10
AdventureWorks2017,PRODUCTION,1230627427,USER_TABLE,TRANSACTIONHISTORY,113443,11800,10264,1536,actualcost,8,money,19
AdventureWorks2017,PRODUCTION,1230627427,USER_TABLE,TRANSACTIONHISTORY,113443,11800,10264,1536,modifieddate,8,datetime,23
AdventureWorks2017,PRODUCTION,1266103551,USER_TABLE,PRODUCTREVIEW,4,400,72,328,productreviewid,4,int,10
AdventureWorks2017,PRODUCTION,1266103551,USER_TABLE,PRODUCTREVIEW,4,400,72,328,productid,4,int,10
AdventureWorks2017,PRODUCTION,1266103551,USER_TABLE,PRODUCTREVIEW,4,400,72,328,reviewername,100,nvarchar,0
AdventureWorks2017,PRODUCTION,1266103551,USER_TABLE,PRODUCTREVIEW,4,400,72,328,reviewdate,8,datetime,23
AdventureWorks2017,PRODUCTION,1266103551,USER_TABLE,PRODUCTREVIEW,4,400,72,328,emailaddress,100,nvarchar,0
AdventureWorks2017,PRODUCTION,1266103551,USER_TABLE,PRODUCTREVIEW,4,400,72,328,rating,4,int,10
AdventureWorks2017,PRODUCTION,1266103551,USER_TABLE,PRODUCTREVIEW,4,400,72,328,comments,7700,nvarchar,0
AdventureWorks2017,PRODUCTION,1266103551,USER_TABLE,PRODUCTREVIEW,4,400,72,328,modifieddate,8,datetime,23
AdventureWorks2017,PERSON,1285579618,USER_TABLE,BUSINESSENTITY,20777,1488,1336,152,businessentityid,4,int,10
AdventureWorks2017,PERSON,1285579618,USER_TABLE,BUSINESSENTITY,20777,1488,1336,152,rowguid,16,uniqueidentifier,0
AdventureWorks2017,PERSON,1285579618,USER_TABLE,BUSINESSENTITY,20777,1488,1336,152,modifieddate,8,datetime,23
AdventureWorks2017,PRODUCTION,1310627712,USER_TABLE,TRANSACTIONHISTORYARCHIVE,89253,9688,8136,1552,transactionid,4,int,10
AdventureWorks2017,PRODUCTION,1310627712,USER_TABLE,TRANSACTIONHISTORYARCHIVE,89253,9688,8136,1552,productid,4,int,10
AdventureWorks2017,PRODUCTION,1310627712,USER_TABLE,TRANSACTIONHISTORYARCHIVE,89253,9688,8136,1552,referenceorderid,4,int,10
AdventureWorks2017,PRODUCTION,1310627712,USER_TABLE,TRANSACTIONHISTORYARCHIVE,89253,9688,8136,1552,referenceorderlineid,4,int,10
AdventureWorks2017,PRODUCTION,1310627712,USER_TABLE,TRANSACTIONHISTORYARCHIVE,89253,9688,8136,1552,transactiondate,8,datetime,23
AdventureWorks2017,PRODUCTION,1310627712,USER_TABLE,TRANSACTIONHISTORYARCHIVE,89253,9688,8136,1552,transactiontype,2,nchar,0
AdventureWorks2017,PRODUCTION,1310627712,USER_TABLE,TRANSACTIONHISTORYARCHIVE,89253,9688,8136,1552,quantity,4,int,10
AdventureWorks2017,PRODUCTION,1310627712,USER_TABLE,TRANSACTIONHISTORYARCHIVE,89253,9688,8136,1552,actualcost,8,money,19
AdventureWorks2017,PRODUCTION,1310627712,USER_TABLE,TRANSACTIONHISTORYARCHIVE,89253,9688,8136,1552,modifieddate,8,datetime,23
AdventureWorks2017,PRODUCTION,1330103779,USER_TABLE,PRODUCTSUBCATEGORY,37,216,48,168,productsubcategoryid,4,int,10
AdventureWorks2017,PRODUCTION,1330103779,USER_TABLE,PRODUCTSUBCATEGORY,37,216,48,168,productcategoryid,4,int,10
AdventureWorks2017,PRODUCTION,1330103779,USER_TABLE,PRODUCTSUBCATEGORY,37,216,48,168,name,100,nvarchar,0
AdventureWorks2017,PRODUCTION,1330103779,USER_TABLE,PRODUCTSUBCATEGORY,37,216,48,168,rowguid,16,uniqueidentifier,0
AdventureWorks2017,PRODUCTION,1330103779,USER_TABLE,PRODUCTSUBCATEGORY,37,216,48,168,modifieddate,8,datetime,23
AdventureWorks2017,PERSON,1333579789,USER_TABLE,BUSINESSENTITYADDRESS,19614,2656,2312,344,businessentityid,4,int,10
AdventureWorks2017,PERSON,1333579789,USER_TABLE,BUSINESSENTITYADDRESS,19614,2656,2312,344,addressid,4,int,10
AdventureWorks2017,PERSON,1333579789,USER_TABLE,BUSINESSENTITYADDRESS,19614,2656,2312,344,addresstypeid,4,int,10
AdventureWorks2017,PERSON,1333579789,USER_TABLE,BUSINESSENTITYADDRESS,19614,2656,2312,344,rowguid,16,uniqueidentifier,0
AdventureWorks2017,PERSON,1333579789,USER_TABLE,BUSINESSENTITYADDRESS,19614,2656,2312,344,modifieddate,8,datetime,23
AdventureWorks2017,PURCHASING,1378103950,USER_TABLE,PRODUCTVENDOR,460,472,104,368,productid,4,int,10
AdventureWorks2017,PURCHASING,1378103950,USER_TABLE,PRODUCTVENDOR,460,472,104,368,businessentityid,4,int,10
AdventureWorks2017,PURCHASING,1378103950,USER_TABLE,PRODUCTVENDOR,460,472,104,368,averageleadtime,4,int,10
AdventureWorks2017,PURCHASING,1378103950,USER_TABLE,PRODUCTVENDOR,460,472,104,368,standardprice,8,money,19
AdventureWorks2017,PURCHASING,1378103950,USER_TABLE,PRODUCTVENDOR,460,472,104,368,lastreceiptcost,8,money,19
AdventureWorks2017,PURCHASING,1378103950,USER_TABLE,PRODUCTVENDOR,460,472,104,368,lastreceiptdate,8,datetime,23
AdventureWorks2017,PURCHASING,1378103950,USER_TABLE,PRODUCTVENDOR,460,472,104,368,minorderqty,4,int,10
AdventureWorks2017,PURCHASING,1378103950,USER_TABLE,PRODUCTVENDOR,460,472,104,368,maxorderqty,4,int,10
AdventureWorks2017,PURCHASING,1378103950,USER_TABLE,PRODUCTVENDOR,460,472,104,368,onorderqty,4,int,10
AdventureWorks2017,PURCHASING,1378103950,USER_TABLE,PRODUCTVENDOR,460,472,104,368,unitmeasurecode,6,nchar,0
AdventureWorks2017,PURCHASING,1378103950,USER_TABLE,PRODUCTVENDOR,460,472,104,368,modifieddate,8,datetime,23
AdventureWorks2017,PERSON,1381579960,USER_TABLE,BUSINESSENTITYCONTACT,909,800,192,608,businessentityid,4,int,10
AdventureWorks2017,PERSON,1381579960,USER_TABLE,BUSINESSENTITYCONTACT,909,800,192,608,personid,4,int,10
AdventureWorks2017,PERSON,1381579960,USER_TABLE,BUSINESSENTITYCONTACT,909,800,192,608,contacttypeid,4,int,10
AdventureWorks2017,PERSON,1381579960,USER_TABLE,BUSINESSENTITYCONTACT,909,800,192,608,rowguid,16,uniqueidentifier,0
AdventureWorks2017,PERSON,1381579960,USER_TABLE,BUSINESSENTITYCONTACT,909,800,192,608,modifieddate,8,datetime,23
AdventureWorks2017,PRODUCTION,1390627997,USER_TABLE,UNITMEASURE,38,144,32,112,unitmeasurecode,6,nchar,0
AdventureWorks2017,PRODUCTION,1390627997,USER_TABLE,UNITMEASURE,38,144,32,112,name,100,nvarchar,0
AdventureWorks2017,PRODUCTION,1390627997,USER_TABLE,UNITMEASURE,38,144,32,112,modifieddate,8,datetime,23
AdventureWorks2017,PURCHASING,1422628111,USER_TABLE,VENDOR,104,272,48,224,businessentityid,4,int,10
AdventureWorks2017,PURCHASING,1422628111,USER_TABLE,VENDOR,104,272,48,224,accountnumber,30,nvarchar,0
AdventureWorks2017,PURCHASING,1422628111,USER_TABLE,VENDOR,104,272,48,224,name,100,nvarchar,0
AdventureWorks2017,PURCHASING,1422628111,USER_TABLE,VENDOR,104,272,48,224,creditrating,1,tinyint,3
AdventureWorks2017,PURCHASING,1422628111,USER_TABLE,VENDOR,104,272,48,224,preferredvendorstatus,1,bit,1
AdventureWorks2017,PURCHASING,1422628111,USER_TABLE,VENDOR,104,272,48,224,activeflag,1,bit,1
AdventureWorks2017,PURCHASING,1422628111,USER_TABLE,VENDOR,104,272,48,224,purchasingwebserviceurl,2048,nvarchar,0
AdventureWorks2017,PURCHASING,1422628111,USER_TABLE,VENDOR,104,272,48,224,modifieddate,8,datetime,23
AdventureWorks2017,PERSON,1429580131,USER_TABLE,CONTACTTYPE,20,144,32,112,contacttypeid,4,int,10
AdventureWorks2017,PERSON,1429580131,USER_TABLE,CONTACTTYPE,20,144,32,112,name,100,nvarchar,0
AdventureWorks2017,PERSON,1429580131,USER_TABLE,CONTACTTYPE,20,144,32,112,modifieddate,8,datetime,23
AdventureWorks2017,SALES,1461580245,USER_TABLE,COUNTRYREGIONCURRENCY,109,144,32,112,countryregioncode,6,nvarchar,0
AdventureWorks2017,SALES,1461580245,USER_TABLE,COUNTRYREGIONCURRENCY,109,144,32,112,currencycode,6,nchar,0
AdventureWorks2017,SALES,1461580245,USER_TABLE,COUNTRYREGIONCURRENCY,109,144,32,112,modifieddate,8,datetime,23
AdventureWorks2017,PERSON,1493580359,USER_TABLE,COUNTRYREGION,238,400,64,336,countryregioncode,6,nvarchar,0
AdventureWorks2017,PERSON,1493580359,USER_TABLE,COUNTRYREGION,238,400,64,336,name,100,nvarchar,0
AdventureWorks2017,PERSON,1493580359,USER_TABLE,COUNTRYREGION,238,400,64,336,modifieddate,8,datetime,23
AdventureWorks2017,PRODUCTION,1502628396,USER_TABLE,WORKORDER,72591,7576,6312,1264,workorderid,4,int,10
AdventureWorks2017,PRODUCTION,1502628396,USER_TABLE,WORKORDER,72591,7576,6312,1264,productid,4,int,10
AdventureWorks2017,PRODUCTION,1502628396,USER_TABLE,WORKORDER,72591,7576,6312,1264,orderqty,4,int,10
AdventureWorks2017,PRODUCTION,1502628396,USER_TABLE,WORKORDER,72591,7576,6312,1264,stockedqty,4,int,10
AdventureWorks2017,PRODUCTION,1502628396,USER_TABLE,WORKORDER,72591,7576,6312,1264,scrappedqty,2,smallint,5
AdventureWorks2017,PRODUCTION,1502628396,USER_TABLE,WORKORDER,72591,7576,6312,1264,startdate,8,datetime,23
AdventureWorks2017,PRODUCTION,1502628396,USER_TABLE,WORKORDER,72591,7576,6312,1264,enddate,8,datetime,23
AdventureWorks2017,PRODUCTION,1502628396,USER_TABLE,WORKORDER,72591,7576,6312,1264,duedate,8,datetime,23
AdventureWorks2017,PRODUCTION,1502628396,USER_TABLE,WORKORDER,72591,7576,6312,1264,scrapreasonid,2,smallint,5
AdventureWorks2017,PRODUCTION,1502628396,USER_TABLE,WORKORDER,72591,7576,6312,1264,modifieddate,8,datetime,23
AdventureWorks2017,PURCHASING,1506104406,USER_TABLE,PURCHASEORDERDETAIL,8845,912,704,208,purchaseorderid,4,int,10
AdventureWorks2017,PURCHASING,1506104406,USER_TABLE,PURCHASEORDERDETAIL,8845,912,704,208,purchaseorderdetailid,4,int,10
AdventureWorks2017,PURCHASING,1506104406,USER_TABLE,PURCHASEORDERDETAIL,8845,912,704,208,duedate,8,datetime,23
AdventureWorks2017,PURCHASING,1506104406,USER_TABLE,PURCHASEORDERDETAIL,8845,912,704,208,orderqty,2,smallint,5
AdventureWorks2017,PURCHASING,1506104406,USER_TABLE,PURCHASEORDERDETAIL,8845,912,704,208,productid,4,int,10
AdventureWorks2017,PURCHASING,1506104406,USER_TABLE,PURCHASEORDERDETAIL,8845,912,704,208,unitprice,8,money,19
AdventureWorks2017,PURCHASING,1506104406,USER_TABLE,PURCHASEORDERDETAIL,8845,912,704,208,linetotal,8,money,19
AdventureWorks2017,PURCHASING,1506104406,USER_TABLE,PURCHASEORDERDETAIL,8845,912,704,208,receivedqty,5,decimal,38
AdventureWorks2017,PURCHASING,1506104406,USER_TABLE,PURCHASEORDERDETAIL,8845,912,704,208,rejectedqty,5,decimal,38
AdventureWorks2017,PURCHASING,1506104406,USER_TABLE,PURCHASEORDERDETAIL,8845,912,704,208,stockedqty,5,decimal,38
AdventureWorks2017,PURCHASING,1506104406,USER_TABLE,PURCHASEORDERDETAIL,8845,912,704,208,modifieddate,8,datetime,23
AdventureWorks2017,SALES,1525580473,USER_TABLE,CREDITCARD,19118,2512,2328,184,creditcardid,4,int,10
AdventureWorks2017,SALES,1525580473,USER_TABLE,CREDITCARD,19118,2512,2328,184,cardtype,100,nvarchar,0
AdventureWorks2017,SALES,1525580473,USER_TABLE,CREDITCARD,19118,2512,2328,184,cardnumber,50,nvarchar,0
AdventureWorks2017,SALES,1525580473,USER_TABLE,CREDITCARD,19118,2512,2328,184,expmonth,1,tinyint,3
AdventureWorks2017,SALES,1525580473,USER_TABLE,CREDITCARD,19118,2512,2328,184,expyear,2,smallint,5
AdventureWorks2017,SALES,1525580473,USER_TABLE,CREDITCARD,19118,2512,2328,184,modifieddate,8,datetime,23
AdventureWorks2017,PRODUCTION,1557580587,USER_TABLE,CULTURE,8,144,32,112,cultureid,12,nchar,0
AdventureWorks2017,PRODUCTION,1557580587,USER_TABLE,CULTURE,8,144,32,112,name,100,nvarchar,0
AdventureWorks2017,PRODUCTION,1557580587,USER_TABLE,CULTURE,8,144,32,112,modifieddate,8,datetime,23
AdventureWorks2017,PRODUCTION,1582628681,USER_TABLE,WORKORDERROUTING,67131,8016,6856,1160,workorderid,4,int,10
AdventureWorks2017,PRODUCTION,1582628681,USER_TABLE,WORKORDERROUTING,67131,8016,6856,1160,productid,4,int,10
AdventureWorks2017,PRODUCTION,1582628681,USER_TABLE,WORKORDERROUTING,67131,8016,6856,1160,operationsequence,2,smallint,5
AdventureWorks2017,PRODUCTION,1582628681,USER_TABLE,WORKORDERROUTING,67131,8016,6856,1160,locationid,2,smallint,5
AdventureWorks2017,PRODUCTION,1582628681,USER_TABLE,WORKORDERROUTING,67131,8016,6856,1160,scheduledstartdate,8,datetime,23
AdventureWorks2017,PRODUCTION,1582628681,USER_TABLE,WORKORDERROUTING,67131,8016,6856,1160,scheduledenddate,8,datetime,23
AdventureWorks2017,PRODUCTION,1582628681,USER_TABLE,WORKORDERROUTING,67131,8016,6856,1160,actualstartdate,8,datetime,23
AdventureWorks2017,PRODUCTION,1582628681,USER_TABLE,WORKORDERROUTING,67131,8016,6856,1160,actualenddate,8,datetime,23
AdventureWorks2017,PRODUCTION,1582628681,USER_TABLE,WORKORDERROUTING,67131,8016,6856,1160,actualresourcehrs,5,decimal,38
AdventureWorks2017,PRODUCTION,1582628681,USER_TABLE,WORKORDERROUTING,67131,8016,6856,1160,plannedcost,8,money,19
AdventureWorks2017,PRODUCTION,1582628681,USER_TABLE,WORKORDERROUTING,67131,8016,6856,1160,actualcost,8,money,19
AdventureWorks2017,PRODUCTION,1582628681,USER_TABLE,WORKORDERROUTING,67131,8016,6856,1160,modifieddate,8,datetime,23
AdventureWorks2017,SALES,1589580701,USER_TABLE,CURRENCY,105,144,32,112,currencycode,6,nchar,0
AdventureWorks2017,SALES,1589580701,USER_TABLE,CURRENCY,105,144,32,112,name,100,nvarchar,0
AdventureWorks2017,SALES,1589580701,USER_TABLE,CURRENCY,105,144,32,112,modifieddate,8,datetime,23
AdventureWorks2017,PURCHASING,1602104748,USER_TABLE,PURCHASEORDERHEADER,4012,856,496,360,purchaseorderid,4,int,10
AdventureWorks2017,PURCHASING,1602104748,USER_TABLE,PURCHASEORDERHEADER,4012,856,496,360,revisionnumber,1,tinyint,3
AdventureWorks2017,PURCHASING,1602104748,USER_TABLE,PURCHASEORDERHEADER,4012,856,496,360,status,1,tinyint,3
AdventureWorks2017,PURCHASING,1602104748,USER_TABLE,PURCHASEORDERHEADER,4012,856,496,360,employeeid,4,int,10
AdventureWorks2017,PURCHASING,1602104748,USER_TABLE,PURCHASEORDERHEADER,4012,856,496,360,vendorid,4,int,10
AdventureWorks2017,PURCHASING,1602104748,USER_TABLE,PURCHASEORDERHEADER,4012,856,496,360,shipmethodid,4,int,10
AdventureWorks2017,PURCHASING,1602104748,USER_TABLE,PURCHASEORDERHEADER,4012,856,496,360,orderdate,8,datetime,23
AdventureWorks2017,PURCHASING,1602104748,USER_TABLE,PURCHASEORDERHEADER,4012,856,496,360,shipdate,8,datetime,23
AdventureWorks2017,PURCHASING,1602104748,USER_TABLE,PURCHASEORDERHEADER,4012,856,496,360,subtotal,8,money,19
AdventureWorks2017,PURCHASING,1602104748,USER_TABLE,PURCHASEORDERHEADER,4012,856,496,360,taxamt,8,money,19
AdventureWorks2017,PURCHASING,1602104748,USER_TABLE,PURCHASEORDERHEADER,4012,856,496,360,freight,8,money,19
AdventureWorks2017,PURCHASING,1602104748,USER_TABLE,PURCHASEORDERHEADER,4012,856,496,360,totaldue,8,money,19
AdventureWorks2017,PURCHASING,1602104748,USER_TABLE,PURCHASEORDERHEADER,4012,856,496,360,modifieddate,8,datetime,23
AdventureWorks2017,SALES,1621580815,USER_TABLE,CURRENCYRATE,13532,1360,1208,152,currencyrateid,4,int,10
AdventureWorks2017,SALES,1621580815,USER_TABLE,CURRENCYRATE,13532,1360,1208,152,currencyratedate,8,datetime,23
AdventureWorks2017,SALES,1621580815,USER_TABLE,CURRENCYRATE,13532,1360,1208,152,fromcurrencycode,6,nchar,0
AdventureWorks2017,SALES,1621580815,USER_TABLE,CURRENCYRATE,13532,1360,1208,152,tocurrencycode,6,nchar,0
AdventureWorks2017,SALES,1621580815,USER_TABLE,CURRENCYRATE,13532,1360,1208,152,averagerate,8,money,19
AdventureWorks2017,SALES,1621580815,USER_TABLE,CURRENCYRATE,13532,1360,1208,152,endofdayrate,8,money,19
AdventureWorks2017,SALES,1621580815,USER_TABLE,CURRENCYRATE,13532,1360,1208,152,modifieddate,8,datetime,23
AdventureWorks2017,SALES,1653580929,USER_TABLE,CUSTOMER,19820,2656,2296,360,customerid,4,int,10
AdventureWorks2017,SALES,1653580929,USER_TABLE,CUSTOMER,19820,2656,2296,360,personid,4,int,10
AdventureWorks2017,SALES,1653580929,USER_TABLE,CUSTOMER,19820,2656,2296,360,storeid,4,int,10
AdventureWorks2017,SALES,1653580929,USER_TABLE,CUSTOMER,19820,2656,2296,360,territoryid,4,int,10
AdventureWorks2017,SALES,1653580929,USER_TABLE,CUSTOMER,19820,2656,2296,360,accountnumber,10,varchar,0
AdventureWorks2017,SALES,1653580929,USER_TABLE,CUSTOMER,19820,2656,2296,360,rowguid,16,uniqueidentifier,0
AdventureWorks2017,SALES,1653580929,USER_TABLE,CUSTOMER,19820,2656,2296,360,modifieddate,8,datetime,23
AdventureWorks2017,HUMANRESOURCES,1701581100,USER_TABLE,DEPARTMENT,16,144,32,112,departmentid,2,smallint,5
AdventureWorks2017,HUMANRESOURCES,1701581100,USER_TABLE,DEPARTMENT,16,144,32,112,name,100,nvarchar,0
AdventureWorks2017,HUMANRESOURCES,1701581100,USER_TABLE,DEPARTMENT,16,144,32,112,groupname,100,nvarchar,0
AdventureWorks2017,HUMANRESOURCES,1701581100,USER_TABLE,DEPARTMENT,16,144,32,112,modifieddate,8,datetime,23
AdventureWorks2017,PRODUCTION,1733581214,USER_TABLE,DOCUMENT,13,752,408,344,documentnode,892,,
AdventureWorks2017,PRODUCTION,1733581214,USER_TABLE,DOCUMENT,13,752,408,344,documentlevel,2,smallint,5
AdventureWorks2017,PRODUCTION,1733581214,USER_TABLE,DOCUMENT,13,752,408,344,title,100,nvarchar,0
AdventureWorks2017,PRODUCTION,1733581214,USER_TABLE,DOCUMENT,13,752,408,344,owner,4,int,10
AdventureWorks2017,PRODUCTION,1733581214,USER_TABLE,DOCUMENT,13,752,408,344,folderflag,1,bit,1
AdventureWorks2017,PRODUCTION,1733581214,USER_TABLE,DOCUMENT,13,752,408,344,filename,800,nvarchar,0
AdventureWorks2017,PRODUCTION,1733581214,USER_TABLE,DOCUMENT,13,752,408,344,fileextension,16,nvarchar,0
AdventureWorks2017,PRODUCTION,1733581214,USER_TABLE,DOCUMENT,13,752,408,344,revision,10,nchar,0
AdventureWorks2017,PRODUCTION,1733581214,USER_TABLE,DOCUMENT,13,752,408,344,changenumber,4,int,10
AdventureWorks2017,PRODUCTION,1733581214,USER_TABLE,DOCUMENT,13,752,408,344,status,1,tinyint,3
AdventureWorks2017,PRODUCTION,1733581214,USER_TABLE,DOCUMENT,13,752,408,344,documentsummary,-1,nvarchar,0
AdventureWorks2017,PRODUCTION,1733581214,USER_TABLE,DOCUMENT,13,752,408,344,document,-1,varbinary,0
AdventureWorks2017,PRODUCTION,1733581214,USER_TABLE,DOCUMENT,13,752,408,344,rowguid,16,uniqueidentifier,0
AdventureWorks2017,PRODUCTION,1733581214,USER_TABLE,DOCUMENT,13,752,408,344,modifieddate,8,datetime,23
AdventureWorks2017,SALES,1810105489,USER_TABLE,SALESORDERDETAIL,121317,17752,16072,1680,salesorderid,4,int,10
AdventureWorks2017,SALES,1810105489,USER_TABLE,SALESORDERDETAIL,121317,17752,16072,1680,salesorderdetailid,4,int,10
AdventureWorks2017,SALES,1810105489,USER_TABLE,SALESORDERDETAIL,121317,17752,16072,1680,carriertrackingnumber,50,nvarchar,0
AdventureWorks2017,SALES,1810105489,USER_TABLE,SALESORDERDETAIL,121317,17752,16072,1680,orderqty,2,smallint,5
AdventureWorks2017,SALES,1810105489,USER_TABLE,SALESORDERDETAIL,121317,17752,16072,1680,productid,4,int,10
AdventureWorks2017,SALES,1810105489,USER_TABLE,SALESORDERDETAIL,121317,17752,16072,1680,specialofferid,4,int,10
AdventureWorks2017,SALES,1810105489,USER_TABLE,SALESORDERDETAIL,121317,17752,16072,1680,unitprice,8,money,19
AdventureWorks2017,SALES,1810105489,USER_TABLE,SALESORDERDETAIL,121317,17752,16072,1680,unitpricediscount,8,money,19
AdventureWorks2017,SALES,1810105489,USER_TABLE,SALESORDERDETAIL,121317,17752,16072,1680,linetotal,17,numeric,38
AdventureWorks2017,SALES,1810105489,USER_TABLE,SALESORDERDETAIL,121317,17752,16072,1680,rowguid,16,uniqueidentifier,0
AdventureWorks2017,SALES,1810105489,USER_TABLE,SALESORDERDETAIL,121317,17752,16072,1680,modifieddate,8,datetime,23
AdventureWorks2017,PERSON,1845581613,USER_TABLE,EMAILADDRESS,19972,3664,3496,168,businessentityid,4,int,10
AdventureWorks2017,PERSON,1845581613,USER_TABLE,EMAILADDRESS,19972,3664,3496,168,emailaddressid,4,int,10
AdventureWorks2017,PERSON,1845581613,USER_TABLE,EMAILADDRESS,19972,3664,3496,168,emailaddress,100,nvarchar,0
AdventureWorks2017,PERSON,1845581613,USER_TABLE,EMAILADDRESS,19972,3664,3496,168,rowguid,16,uniqueidentifier,0
AdventureWorks2017,PERSON,1845581613,USER_TABLE,EMAILADDRESS,19972,3664,3496,168,modifieddate,8,datetime,23
AdventureWorks2017,HUMANRESOURCES,1893581784,USER_TABLE,EMPLOYEE,290,752,192,560,businessentityid,4,int,10
AdventureWorks2017,HUMANRESOURCES,1893581784,USER_TABLE,EMPLOYEE,290,752,192,560,nationalidnumber,30,nvarchar,0
AdventureWorks2017,HUMANRESOURCES,1893581784,USER_TABLE,EMPLOYEE,290,752,192,560,loginid,512,nvarchar,0
AdventureWorks2017,HUMANRESOURCES,1893581784,USER_TABLE,EMPLOYEE,290,752,192,560,organizationnode,892,,
AdventureWorks2017,HUMANRESOURCES,1893581784,USER_TABLE,EMPLOYEE,290,752,192,560,organizationlevel,2,smallint,5
AdventureWorks2017,HUMANRESOURCES,1893581784,USER_TABLE,EMPLOYEE,290,752,192,560,jobtitle,100,nvarchar,0
AdventureWorks2017,HUMANRESOURCES,1893581784,USER_TABLE,EMPLOYEE,290,752,192,560,birthdate,3,date,10
AdventureWorks2017,HUMANRESOURCES,1893581784,USER_TABLE,EMPLOYEE,290,752,192,560,maritalstatus,2,nchar,0
AdventureWorks2017,HUMANRESOURCES,1893581784,USER_TABLE,EMPLOYEE,290,752,192,560,gender,2,nchar,0
AdventureWorks2017,HUMANRESOURCES,1893581784,USER_TABLE,EMPLOYEE,290,752,192,560,hiredate,3,date,10
AdventureWorks2017,HUMANRESOURCES,1893581784,USER_TABLE,EMPLOYEE,290,752,192,560,salariedflag,1,bit,1
AdventureWorks2017,HUMANRESOURCES,1893581784,USER_TABLE,EMPLOYEE,290,752,192,560,vacationhours,2,smallint,5
AdventureWorks2017,HUMANRESOURCES,1893581784,USER_TABLE,EMPLOYEE,290,752,192,560,sickleavehours,2,smallint,5
AdventureWorks2017,HUMANRESOURCES,1893581784,USER_TABLE,EMPLOYEE,290,752,192,560,currentflag,1,bit,1
AdventureWorks2017,HUMANRESOURCES,1893581784,USER_TABLE,EMPLOYEE,290,752,192,560,rowguid,16,uniqueidentifier,0
AdventureWorks2017,HUMANRESOURCES,1893581784,USER_TABLE,EMPLOYEE,290,752,192,560,modifieddate,8,datetime,23
AdventureWorks2017,SALES,1922105888,USER_TABLE,SALESORDERHEADER,31465,8808,8208,600,salesorderid,4,int,10
AdventureWorks2017,SALES,1922105888,USER_TABLE,SALESORDERHEADER,31465,8808,8208,600,revisionnumber,1,tinyint,3
AdventureWorks2017,SALES,1922105888,USER_TABLE,SALESORDERHEADER,31465,8808,8208,600,orderdate,8,datetime,23
AdventureWorks2017,SALES,1922105888,USER_TABLE,SALESORDERHEADER,31465,8808,8208,600,duedate,8,datetime,23
AdventureWorks2017,SALES,1922105888,USER_TABLE,SALESORDERHEADER,31465,8808,8208,600,shipdate,8,datetime,23
AdventureWorks2017,SALES,1922105888,USER_TABLE,SALESORDERHEADER,31465,8808,8208,600,status,1,tinyint,3
AdventureWorks2017,SALES,1922105888,USER_TABLE,SALESORDERHEADER,31465,8808,8208,600,onlineorderflag,1,bit,1
AdventureWorks2017,SALES,1922105888,USER_TABLE,SALESORDERHEADER,31465,8808,8208,600,salesordernumber,50,nvarchar,0
AdventureWorks2017,SALES,1922105888,USER_TABLE,SALESORDERHEADER,31465,8808,8208,600,purchaseordernumber,50,nvarchar,0
AdventureWorks2017,SALES,1922105888,USER_TABLE,SALESORDERHEADER,31465,8808,8208,600,accountnumber,30,nvarchar,0
AdventureWorks2017,SALES,1922105888,USER_TABLE,SALESORDERHEADER,31465,8808,8208,600,customerid,4,int,10
AdventureWorks2017,SALES,1922105888,USER_TABLE,SALESORDERHEADER,31465,8808,8208,600,salespersonid,4,int,10
AdventureWorks2017,SALES,1922105888,USER_TABLE,SALESORDERHEADER,31465,8808,8208,600,territoryid,4,int,10
AdventureWorks2017,SALES,1922105888,USER_TABLE,SALESORDERHEADER,31465,8808,8208,600,billtoaddressid,4,int,10
AdventureWorks2017,SALES,1922105888,USER_TABLE,SALESORDERHEADER,31465,8808,8208,600,shiptoaddressid,4,int,10
AdventureWorks2017,SALES,1922105888,USER_TABLE,SALESORDERHEADER,31465,8808,8208,600,shipmethodid,4,int,10
AdventureWorks2017,SALES,1922105888,USER_TABLE,SALESORDERHEADER,31465,8808,8208,600,creditcardid,4,int,10
AdventureWorks2017,SALES,1922105888,USER_TABLE,SALESORDERHEADER,31465,8808,8208,600,creditcardapprovalcode,15,varchar,0
AdventureWorks2017,SALES,1922105888,USER_TABLE,SALESORDERHEADER,31465,8808,8208,600,currencyrateid,4,int,10
AdventureWorks2017,SALES,1922105888,USER_TABLE,SALESORDERHEADER,31465,8808,8208,600,subtotal,8,money,19
AdventureWorks2017,SALES,1922105888,USER_TABLE,SALESORDERHEADER,31465,8808,8208,600,taxamt,8,money,19
AdventureWorks2017,SALES,1922105888,USER_TABLE,SALESORDERHEADER,31465,8808,8208,600,freight,8,money,19
AdventureWorks2017,SALES,1922105888,USER_TABLE,SALESORDERHEADER,31465,8808,8208,600,totaldue,8,money,19
AdventureWorks2017,SALES,1922105888,USER_TABLE,SALESORDERHEADER,31465,8808,8208,600,comment,256,nvarchar,0
AdventureWorks2017,SALES,1922105888,USER_TABLE,SALESORDERHEADER,31465,8808,8208,600,rowguid,16,uniqueidentifier,0
AdventureWorks2017,SALES,1922105888,USER_TABLE,SALESORDERHEADER,31465,8808,8208,600,modifieddate,8,datetime,23
AdventureWorks2017,HUMANRESOURCES,2101582525,USER_TABLE,EMPLOYEEDEPARTMENTHISTORY,296,344,64,280,businessentityid,4,int,10
AdventureWorks2017,HUMANRESOURCES,2101582525,USER_TABLE,EMPLOYEEDEPARTMENTHISTORY,296,344,64,280,departmentid,2,smallint,5
AdventureWorks2017,HUMANRESOURCES,2101582525,USER_TABLE,EMPLOYEEDEPARTMENTHISTORY,296,344,64,280,shiftid,1,tinyint,3
AdventureWorks2017,HUMANRESOURCES,2101582525,USER_TABLE,EMPLOYEEDEPARTMENTHISTORY,296,344,64,280,startdate,3,date,10
AdventureWorks2017,HUMANRESOURCES,2101582525,USER_TABLE,EMPLOYEEDEPARTMENTHISTORY,296,344,64,280,enddate,3,date,10
AdventureWorks2017,HUMANRESOURCES,2101582525,USER_TABLE,EMPLOYEEDEPARTMENTHISTORY,296,344,64,280,modifieddate,8,datetime,23
